-- phpMyAdmin SQL Dump
-- version 4.9.7
-- https://www.phpmyadmin.net/
--
-- Host: localhost:3306
-- Generation Time: Sep 30, 2022 at 08:11 AM
-- Server version: 5.7.39
-- PHP Version: 7.4.30

SET SQL_MODE = "NO_AUTO_VALUE_ON_ZERO";
SET AUTOCOMMIT = 0;
START TRANSACTION;
SET time_zone = "+00:00";


/*!40101 SET @OLD_CHARACTER_SET_CLIENT=@@CHARACTER_SET_CLIENT */;
/*!40101 SET @OLD_CHARACTER_SET_RESULTS=@@CHARACTER_SET_RESULTS */;
/*!40101 SET @OLD_COLLATION_CONNECTION=@@COLLATION_CONNECTION */;
/*!40101 SET NAMES utf8mb4 */;

--
-- Database: `ivacay_db`
--

-- --------------------------------------------------------

--
-- Table structure for table `account_deleted_verification`
--

CREATE TABLE `account_deleted_verification` (
  `id` int(11) NOT NULL,
  `user_id` int(11) DEFAULT NULL,
  `is_seen` int(11) DEFAULT '0' COMMENT '0 = unseen,\r\n1 = seen',
  `token` varchar(255) DEFAULT NULL,
  `created_at` timestamp NULL DEFAULT CURRENT_TIMESTAMP,
  `updated_at` timestamp NULL DEFAULT CURRENT_TIMESTAMP
) ENGINE=InnoDB DEFAULT CHARSET=utf8mb4;

--
-- Dumping data for table `account_deleted_verification`
--

INSERT INTO `account_deleted_verification` (`id`, `user_id`, `is_seen`, `token`, `created_at`, `updated_at`) VALUES
(12, 3, 0, '1385239085735987', '2022-08-18 09:41:43', '2022-08-18 09:51:35'),
(13, 3, 0, '4285732601623145', '2022-08-22 19:51:18', '2022-08-22 19:51:18'),
(15, 44, 0, '3046514516784545', '2022-09-02 15:55:16', '2022-09-02 15:55:16');

-- --------------------------------------------------------

--
-- Table structure for table `activities`
--

CREATE TABLE `activities` (
  `id` int(11) NOT NULL,
  `name` varchar(255) NOT NULL,
  `status` int(11) NOT NULL COMMENT '1 = active, 0 = inactive',
  `created_at` timestamp NULL DEFAULT CURRENT_TIMESTAMP,
  `updated_at` timestamp NULL DEFAULT CURRENT_TIMESTAMP
) ENGINE=InnoDB DEFAULT CHARSET=latin1;

--
-- Dumping data for table `activities`
--

INSERT INTO `activities` (`id`, `name`, `status`, `created_at`, `updated_at`) VALUES
(1, 'Tuxedo rentals', 1, '2022-07-15 16:07:06', '2022-07-15 16:07:06'),
(2, 'Travel Dentist', 1, '2022-07-15 16:07:06', '2022-07-15 16:07:06'),
(3, 'Private Chef', 1, '2022-07-15 16:07:07', '2022-07-15 16:07:07'),
(4, 'Shopping tours', 1, '2022-07-15 16:07:06', '2022-07-15 16:07:06'),
(5, 'Reputable local jewelers', 1, '2022-07-15 16:07:06', '2022-07-15 16:07:06'),
(6, 'Photographer', 1, '2022-07-15 16:07:06', '2022-07-15 16:07:06'),
(7, 'Tai Chi Class', 1, '2022-07-15 16:07:07', '2022-07-15 16:07:07'),
(8, 'Singles Tours', 1, '2022-07-15 16:07:07', '2022-07-15 16:07:07'),
(9, 'Translators', 1, '2022-07-15 16:07:07', '2022-07-15 16:07:07'),
(10, 'Surfboard rentals', 1, '2022-07-15 16:07:07', '2022-07-15 16:07:07'),
(11, 'Scuba diving', 1, '2022-07-15 16:07:07', '2022-07-15 16:07:07'),
(12, 'Room and board', 1, '2022-07-15 16:07:08', '2022-07-15 16:07:08'),
(13, 'Strippers', 1, '2022-07-15 16:07:08', '2022-07-15 16:07:08'),
(14, 'Hair Braider', 1, '2022-07-15 16:07:09', '2022-07-15 16:07:09'),
(15, 'Travel planner', 1, '2022-07-15 16:07:09', '2022-07-15 16:07:09'),
(16, 'Engagement planners', 1, '2022-07-15 16:07:09', '2022-07-15 16:07:09'),
(17, 'Brewery guide', 1, '2022-07-15 16:07:09', '2022-07-15 16:07:09'),
(18, 'Parasailing', 1, '2022-07-15 16:07:10', '2022-07-15 16:07:10'),
(19, 'Beach Party planner', 1, '2022-07-15 16:07:10', '2022-07-15 16:07:10'),
(20, 'Car rentals', 1, '2022-07-15 16:07:10', '2022-07-15 16:07:10'),
(21, 'Realtor', 1, '2022-07-15 16:07:10', '2022-07-15 16:07:10'),
(22, 'Cosmetic surgery tourism', 1, '2022-07-15 16:07:10', '2022-07-15 16:07:10'),
(23, 'Fishing Guide', 1, '2022-07-15 16:07:10', '2022-07-15 16:07:10'),
(24, 'Cigar country tour', 1, '2022-07-15 16:07:10', '2022-07-15 16:07:10'),
(25, 'Pet Keeper', 1, '2022-07-15 16:07:10', '2022-07-15 16:07:10'),
(26, 'Winery tours', 1, '2022-07-15 16:07:11', '2022-07-15 16:07:11'),
(27, 'City Tour Guide', 1, '2022-07-15 16:07:11', '2022-07-15 16:07:11'),
(28, 'Guided Biking tours', 1, '2022-07-15 16:07:11', '2022-07-15 16:07:11'),
(29, 'Helicopter tours', 1, '2022-07-15 16:07:11', '2022-07-15 16:07:11'),
(30, 'Craft class', 1, '2022-07-15 16:07:11', '2022-07-15 16:07:11'),
(31, 'Golf club rentals', 1, '2022-07-15 16:07:11', '2022-07-15 16:07:11'),
(32, 'Personal chauffeur', 1, '2022-07-15 16:07:11', '2022-07-15 16:07:11'),
(33, 'Make up artist', 1, '2022-07-15 16:07:11', '2022-07-15 16:07:11'),
(34, 'Beach equipment rentals', 1, '2022-07-15 16:07:11', '2022-07-15 16:07:11'),
(35, 'Barbers', 1, '2022-07-15 16:07:11', '2022-07-15 16:07:11'),
(36, 'Babysitter', 1, '2022-07-15 16:07:11', '2022-07-15 16:07:11'),
(37, 'Masseuse', 1, '2022-07-15 16:07:12', '2022-07-15 16:07:12'),
(38, 'Bike rentals', 1, '2022-07-15 16:07:12', '2022-07-15 16:07:12'),
(39, 'Canoeing tours', 1, '2022-07-15 16:07:12', '2022-07-15 16:07:12'),
(40, 'Foodie Tours', 1, '2022-07-15 16:07:12', '2022-07-15 16:07:12'),
(41, 'Nude beaches guide', 1, '2022-07-15 16:07:12', '2022-07-15 16:07:12'),
(42, 'Musicians', 1, '2022-07-15 16:07:12', '2022-07-15 16:07:12'),
(43, 'Wheelchair rentals', 1, '2022-07-15 16:07:12', '2022-07-15 16:07:12'),
(44, 'Videographer', 1, '2022-07-15 16:07:12', '2022-07-15 16:07:12'),
(45, 'legal experts', 1, '2022-07-15 16:07:12', '2022-07-15 16:07:12'),
(46, 'Officiant', 1, '2022-07-15 16:07:12', '2022-07-15 16:07:12'),
(47, 'Hair Stylists', 1, '2022-07-15 16:07:12', '2022-07-15 16:07:12'),
(48, 'Bachelor party planner', 1, '2022-07-15 16:07:12', '2022-07-15 16:07:12'),
(49, 'Gemstone tour guide', 1, '2022-07-15 16:07:12', '2022-07-15 16:07:12'),
(50, 'Nail Salon', 1, '2022-07-15 16:07:12', '2022-07-15 16:07:12'),
(51, 'Animal Keeper', 1, '2022-07-15 16:07:13', '2022-07-15 16:07:13'),
(52, 'Bar Hop guide', 1, '2022-07-15 16:07:13', '2022-07-15 16:07:13'),
(53, 'Factory tours', 1, '2022-07-15 16:07:13', '2022-07-15 16:07:13'),
(54, 'National park guide', 1, '2022-07-15 16:07:13', '2022-07-15 16:07:13'),
(55, 'Yoga class', 1, '2022-07-15 16:07:13', '2022-07-15 16:07:13'),
(56, 'Walking Tours', 1, '2022-07-15 16:07:13', '2022-07-15 16:07:13'),
(57, 'VIP Nightclub Tour guide', 1, '2022-07-15 16:07:14', '2022-07-15 16:07:14'),
(58, 'Wedding planner', 1, '2022-07-15 16:07:14', '2022-07-15 16:07:14');

-- --------------------------------------------------------

--
-- Table structure for table `countries`
--

CREATE TABLE `countries` (
  `id` int(11) NOT NULL,
  `code` varchar(255) DEFAULT NULL,
  `name` varchar(255) DEFAULT NULL,
  `created_at` timestamp NULL DEFAULT CURRENT_TIMESTAMP,
  `updated_at` timestamp NULL DEFAULT CURRENT_TIMESTAMP
) ENGINE=InnoDB DEFAULT CHARSET=utf8mb4;

--
-- Dumping data for table `countries`
--

INSERT INTO `countries` (`id`, `code`, `name`, `created_at`, `updated_at`) VALUES
(4, 'AF', 'Afghanistan', '2022-03-22 22:22:34', '2022-03-22 22:22:34'),
(5, 'AL', 'Albania', '2022-03-22 22:22:34', '2022-03-22 22:22:34'),
(6, 'DZ', 'Algeria', '2022-03-22 22:22:34', '2022-03-22 22:22:34'),
(7, 'DS', 'American Samoa', '2022-03-22 22:22:34', '2022-03-22 22:22:34'),
(8, 'AD', 'Andorra', '2022-03-22 22:22:34', '2022-03-22 22:22:34'),
(9, 'AO', 'Angola', '2022-03-22 22:22:34', '2022-03-22 22:22:34'),
(10, 'AI', 'Anguilla', '2022-03-22 22:22:34', '2022-03-22 22:22:34'),
(11, 'AQ', 'Antarctica', '2022-03-22 22:22:34', '2022-03-22 22:22:34'),
(12, 'AG', 'Antigua and Barbuda', '2022-03-22 22:22:34', '2022-03-22 22:22:34'),
(13, 'AR', 'Argentina', '2022-03-22 22:22:34', '2022-03-22 22:22:34'),
(14, 'AM', 'Armenia', '2022-03-22 22:22:34', '2022-03-22 22:22:34'),
(15, 'AW', 'Aruba', '2022-03-22 22:22:34', '2022-03-22 22:22:34'),
(16, 'AU', 'Australia', '2022-03-22 22:22:34', '2022-03-22 22:22:34'),
(17, 'AT', 'Austria', '2022-03-22 22:22:34', '2022-03-22 22:22:34'),
(18, 'AZ', 'Azerbaijan', '2022-03-22 22:22:34', '2022-03-22 22:22:34'),
(19, 'BS', 'Bahamas', '2022-03-22 22:22:34', '2022-03-22 22:22:34'),
(20, 'BH', 'Bahrain', '2022-03-22 22:22:34', '2022-03-22 22:22:34'),
(21, 'BD', 'Bangladesh', '2022-03-22 22:22:34', '2022-03-22 22:22:34'),
(22, 'BB', 'Barbados', '2022-03-22 22:22:34', '2022-03-22 22:22:34'),
(23, 'BY', 'Belarus', '2022-03-22 22:22:34', '2022-03-22 22:22:34'),
(24, 'BE', 'Belgium', '2022-03-22 22:22:34', '2022-03-22 22:22:34'),
(25, 'BZ', 'Belize', '2022-03-22 22:22:34', '2022-03-22 22:22:34'),
(26, 'BJ', 'Benin', '2022-03-22 22:22:34', '2022-03-22 22:22:34'),
(27, 'BM', 'Bermuda', '2022-03-22 22:22:34', '2022-03-22 22:22:34'),
(28, 'BT', 'Bhutan', '2022-03-22 22:22:34', '2022-03-22 22:22:34'),
(29, 'BO', 'Bolivia', '2022-03-22 22:22:34', '2022-03-22 22:22:34'),
(30, 'BA', 'Bosnia and Herzegovina', '2022-03-22 22:22:34', '2022-03-22 22:22:34'),
(31, 'BW', 'Botswana', '2022-03-22 22:22:34', '2022-03-22 22:22:34'),
(32, 'BV', 'Bouvet Island', '2022-03-22 22:22:34', '2022-03-22 22:22:34'),
(33, 'BR', 'Brazil', '2022-03-22 22:22:34', '2022-03-22 22:22:34'),
(34, 'IO', 'British Indian Ocean Territory', '2022-03-22 22:22:34', '2022-03-22 22:22:34'),
(35, 'BN', 'Brunei Darussalam', '2022-03-22 22:22:34', '2022-03-22 22:22:34'),
(36, 'BG', 'Bulgaria', '2022-03-22 22:22:34', '2022-03-22 22:22:34'),
(37, 'BF', 'Burkina Faso', '2022-03-22 22:22:34', '2022-03-22 22:22:34'),
(38, 'BI', 'Burundi', '2022-03-22 22:22:34', '2022-03-22 22:22:34'),
(39, 'KH', 'Cambodia', '2022-03-22 22:22:34', '2022-03-22 22:22:34'),
(40, 'CM', 'Cameroon', '2022-03-22 22:22:34', '2022-03-22 22:22:34'),
(41, 'CA', 'Canada', '2022-03-22 22:22:34', '2022-03-22 22:22:34'),
(42, 'CV', 'Cape Verde', '2022-03-22 22:22:34', '2022-03-22 22:22:34'),
(43, 'KY', 'Cayman Islands', '2022-03-22 22:22:34', '2022-03-22 22:22:34'),
(44, 'CF', 'Central African Republic', '2022-03-22 22:22:34', '2022-03-22 22:22:34'),
(45, 'TD', 'Chad', '2022-03-22 22:22:34', '2022-03-22 22:22:34'),
(46, 'CL', 'Chile', '2022-03-22 22:22:34', '2022-03-22 22:22:34'),
(47, 'CN', 'China', '2022-03-22 22:22:34', '2022-03-22 22:22:34'),
(48, 'CX', 'Christmas Island', '2022-03-22 22:22:34', '2022-03-22 22:22:34'),
(49, 'CC', 'Cocos (Keeling) Islands', '2022-03-22 22:22:34', '2022-03-22 22:22:34'),
(50, 'CO', 'Colombia', '2022-03-22 22:22:34', '2022-03-22 22:22:34'),
(51, 'KM', 'Comoros', '2022-03-22 22:22:34', '2022-03-22 22:22:34'),
(52, 'CG', 'Congo', '2022-03-22 22:22:34', '2022-03-22 22:22:34'),
(53, 'CK', 'Cook Islands', '2022-03-22 22:22:34', '2022-03-22 22:22:34'),
(54, 'CR', 'Costa Rica', '2022-03-22 22:22:34', '2022-03-22 22:22:34'),
(55, 'HR', 'Croatia (Hrvatska)', '2022-03-22 22:22:34', '2022-03-22 22:22:34'),
(56, 'CU', 'Cuba', '2022-03-22 22:22:34', '2022-03-22 22:22:34'),
(57, 'CY', 'Cyprus', '2022-03-22 22:22:34', '2022-03-22 22:22:34'),
(58, 'CZ', 'Czech Republic', '2022-03-22 22:22:34', '2022-03-22 22:22:34'),
(59, 'DK', 'Denmark', '2022-03-22 22:22:34', '2022-03-22 22:22:34'),
(60, 'DJ', 'Djibouti', '2022-03-22 22:22:34', '2022-03-22 22:22:34'),
(61, 'DM', 'Dominica', '2022-03-22 22:22:34', '2022-03-22 22:22:34'),
(62, 'DO', 'Dominican Republic', '2022-03-22 22:22:34', '2022-03-22 22:22:34'),
(63, 'TP', 'East Timor', '2022-03-22 22:22:34', '2022-03-22 22:22:34'),
(64, 'EC', 'Ecuador', '2022-03-22 22:22:34', '2022-03-22 22:22:34'),
(65, 'EG', 'Egypt', '2022-03-22 22:22:34', '2022-03-22 22:22:34'),
(66, 'SV', 'El Salvador', '2022-03-22 22:22:34', '2022-03-22 22:22:34'),
(67, 'GQ', 'Equatorial Guinea', '2022-03-22 22:22:34', '2022-03-22 22:22:34'),
(68, 'ER', 'Eritrea', '2022-03-22 22:22:34', '2022-03-22 22:22:34'),
(69, 'EE', 'Estonia', '2022-03-22 22:22:34', '2022-03-22 22:22:34'),
(70, 'ET', 'Ethiopia', '2022-03-22 22:22:34', '2022-03-22 22:22:34'),
(71, 'FK', 'Falkland Islands (Malvinas)', '2022-03-22 22:22:34', '2022-03-22 22:22:34'),
(72, 'FO', 'Faroe Islands', '2022-03-22 22:22:34', '2022-03-22 22:22:34'),
(73, 'FJ', 'Fiji', '2022-03-22 22:22:34', '2022-03-22 22:22:34'),
(74, 'FI', 'Finland', '2022-03-22 22:22:34', '2022-03-22 22:22:34'),
(75, 'FR', 'France', '2022-03-22 22:22:34', '2022-03-22 22:22:34'),
(76, 'FX', 'France, Metropolitan', '2022-03-22 22:22:34', '2022-03-22 22:22:34'),
(77, 'GF', 'French Guiana', '2022-03-22 22:22:34', '2022-03-22 22:22:34'),
(78, 'PF', 'French Polynesia', '2022-03-22 22:22:34', '2022-03-22 22:22:34'),
(79, 'TF', 'French Southern Territories', '2022-03-22 22:22:34', '2022-03-22 22:22:34'),
(80, 'GA', 'Gabon', '2022-03-22 22:22:34', '2022-03-22 22:22:34'),
(81, 'GM', 'Gambia', '2022-03-22 22:22:34', '2022-03-22 22:22:34'),
(82, 'GE', 'Georgia', '2022-03-22 22:22:34', '2022-03-22 22:22:34'),
(83, 'DE', 'Germany', '2022-03-22 22:22:34', '2022-03-22 22:22:34'),
(84, 'GH', 'Ghana', '2022-03-22 22:22:34', '2022-03-22 22:22:34'),
(85, 'GI', 'Gibraltar', '2022-03-22 22:22:34', '2022-03-22 22:22:34'),
(86, 'GK', 'Guernsey', '2022-03-22 22:22:34', '2022-03-22 22:22:34'),
(87, 'GR', 'Greece', '2022-03-22 22:22:34', '2022-03-22 22:22:34'),
(88, 'GL', 'Greenland', '2022-03-22 22:22:34', '2022-03-22 22:22:34'),
(89, 'GD', 'Grenada', '2022-03-22 22:22:34', '2022-03-22 22:22:34'),
(90, 'GP', 'Guadeloupe', '2022-03-22 22:22:34', '2022-03-22 22:22:34'),
(91, 'GU', 'Guam', '2022-03-22 22:22:34', '2022-03-22 22:22:34'),
(92, 'GT', 'Guatemala', '2022-03-22 22:22:34', '2022-03-22 22:22:34'),
(93, 'GN', 'Guinea', '2022-03-22 22:22:34', '2022-03-22 22:22:34'),
(94, 'GW', 'Guinea-Bissau', '2022-03-22 22:22:34', '2022-03-22 22:22:34'),
(95, 'GY', 'Guyana', '2022-03-22 22:22:34', '2022-03-22 22:22:34'),
(96, 'HT', 'Haiti', '2022-03-22 22:22:34', '2022-03-22 22:22:34'),
(97, 'HM', 'Heard and Mc Donald Islands', '2022-03-22 22:22:34', '2022-03-22 22:22:34'),
(98, 'HN', 'Honduras', '2022-03-22 22:22:34', '2022-03-22 22:22:34'),
(99, 'HK', 'Hong Kong', '2022-03-22 22:22:34', '2022-03-22 22:22:34'),
(100, 'HU', 'Hungary', '2022-03-22 22:22:34', '2022-03-22 22:22:34'),
(101, 'IS', 'Iceland', '2022-03-22 22:22:34', '2022-03-22 22:22:34'),
(102, 'IN', 'India', '2022-03-22 22:22:34', '2022-03-22 22:22:34'),
(103, 'IM', 'Isle of Man', '2022-03-22 22:22:34', '2022-03-22 22:22:34'),
(104, 'ID', 'Indonesia', '2022-03-22 22:22:34', '2022-03-22 22:22:34'),
(105, 'IR', 'Iran (Islamic Republic of)', '2022-03-22 22:22:34', '2022-03-22 22:22:34'),
(106, 'IQ', 'Iraq', '2022-03-22 22:22:34', '2022-03-22 22:22:34'),
(107, 'IE', 'Ireland', '2022-03-22 22:22:34', '2022-03-22 22:22:34'),
(108, 'IL', 'Israel', '2022-03-22 22:22:34', '2022-03-22 22:22:34'),
(109, 'IT', 'Italy', '2022-03-22 22:22:34', '2022-03-22 22:22:34'),
(110, 'CI', 'Ivory Coast', '2022-03-22 22:22:34', '2022-03-22 22:22:34'),
(111, 'JE', 'Jersey', '2022-03-22 22:22:34', '2022-03-22 22:22:34'),
(112, 'JM', 'Jamaica', '2022-03-22 22:22:34', '2022-03-22 22:22:34'),
(113, 'JP', 'Japan', '2022-03-22 22:22:34', '2022-03-22 22:22:34'),
(114, 'JO', 'Jordan', '2022-03-22 22:22:34', '2022-03-22 22:22:34'),
(115, 'KZ', 'Kazakhstan', '2022-03-22 22:22:34', '2022-03-22 22:22:34'),
(116, 'KE', 'Kenya', '2022-03-22 22:22:34', '2022-03-22 22:22:34'),
(117, 'KI', 'Kiribati', '2022-03-22 22:22:34', '2022-03-22 22:22:34'),
(118, 'KP', 'Korea, Democratic People\'s Republic of', '2022-03-22 22:22:34', '2022-03-22 22:22:34'),
(119, 'KR', 'Korea, Republic of', '2022-03-22 22:22:34', '2022-03-22 22:22:34'),
(120, 'XK', 'Kosovo', '2022-03-22 22:22:34', '2022-03-22 22:22:34'),
(121, 'KW', 'Kuwait', '2022-03-22 22:22:34', '2022-03-22 22:22:34'),
(122, 'KG', 'Kyrgyzstan', '2022-03-22 22:22:34', '2022-03-22 22:22:34'),
(123, 'LA', 'Lao People\'s Democratic Republic', '2022-03-22 22:22:34', '2022-03-22 22:22:34'),
(124, 'LV', 'Latvia', '2022-03-22 22:22:34', '2022-03-22 22:22:34'),
(125, 'LB', 'Lebanon', '2022-03-22 22:22:34', '2022-03-22 22:22:34'),
(126, 'LS', 'Lesotho', '2022-03-22 22:22:34', '2022-03-22 22:22:34'),
(127, 'LR', 'Liberia', '2022-03-22 22:22:34', '2022-03-22 22:22:34'),
(128, 'LY', 'Libyan Arab Jamahiriya', '2022-03-22 22:22:34', '2022-03-22 22:22:34'),
(129, 'LI', 'Liechtenstein', '2022-03-22 22:22:34', '2022-03-22 22:22:34'),
(130, 'LT', 'Lithuania', '2022-03-22 22:22:34', '2022-03-22 22:22:34'),
(131, 'LU', 'Luxembourg', '2022-03-22 22:22:34', '2022-03-22 22:22:34'),
(132, 'MO', 'Macau', '2022-03-22 22:22:34', '2022-03-22 22:22:34'),
(133, 'MK', 'Macedonia', '2022-03-22 22:22:34', '2022-03-22 22:22:34'),
(134, 'MG', 'Madagascar', '2022-03-22 22:22:34', '2022-03-22 22:22:34'),
(135, 'MW', 'Malawi', '2022-03-22 22:22:34', '2022-03-22 22:22:34'),
(136, 'MY', 'Malaysia', '2022-03-22 22:22:34', '2022-03-22 22:22:34'),
(137, 'MV', 'Maldives', '2022-03-22 22:22:34', '2022-03-22 22:22:34'),
(138, 'ML', 'Mali', '2022-03-22 22:22:34', '2022-03-22 22:22:34'),
(139, 'MT', 'Malta', '2022-03-22 22:22:34', '2022-03-22 22:22:34'),
(140, 'MH', 'Marshall Islands', '2022-03-22 22:22:34', '2022-03-22 22:22:34'),
(141, 'MQ', 'Martinique', '2022-03-22 22:22:34', '2022-03-22 22:22:34'),
(142, 'MR', 'Mauritania', '2022-03-22 22:22:34', '2022-03-22 22:22:34'),
(143, 'MU', 'Mauritius', '2022-03-22 22:22:34', '2022-03-22 22:22:34'),
(144, 'TY', 'Mayotte', '2022-03-22 22:22:34', '2022-03-22 22:22:34'),
(145, 'MX', 'Mexico', '2022-03-22 22:22:34', '2022-03-22 22:22:34'),
(146, 'FM', 'Micronesia, Federated States of', '2022-03-22 22:22:34', '2022-03-22 22:22:34'),
(147, 'MD', 'Moldova, Republic of', '2022-03-22 22:22:34', '2022-03-22 22:22:34'),
(148, 'MC', 'Monaco', '2022-03-22 22:22:34', '2022-03-22 22:22:34'),
(149, 'MN', 'Mongolia', '2022-03-22 22:22:34', '2022-03-22 22:22:34'),
(150, 'ME', 'Montenegro', '2022-03-22 22:22:34', '2022-03-22 22:22:34'),
(151, 'MS', 'Montserrat', '2022-03-22 22:22:34', '2022-03-22 22:22:34'),
(152, 'MA', 'Morocco', '2022-03-22 22:22:34', '2022-03-22 22:22:34'),
(153, 'MZ', 'Mozambique', '2022-03-22 22:22:34', '2022-03-22 22:22:34'),
(154, 'MM', 'Myanmar', '2022-03-22 22:22:34', '2022-03-22 22:22:34'),
(155, 'NA', 'Namibia', '2022-03-22 22:22:34', '2022-03-22 22:22:34'),
(156, 'NR', 'Nauru', '2022-03-22 22:22:34', '2022-03-22 22:22:34'),
(157, 'NP', 'Nepal', '2022-03-22 22:22:34', '2022-03-22 22:22:34'),
(158, 'NL', 'Netherlands', '2022-03-22 22:22:34', '2022-03-22 22:22:34'),
(159, 'AN', 'Netherlands Antilles', '2022-03-22 22:22:34', '2022-03-22 22:22:34'),
(160, 'NC', 'New Caledonia', '2022-03-22 22:22:34', '2022-03-22 22:22:34'),
(161, 'NZ', 'New Zealand', '2022-03-22 22:22:34', '2022-03-22 22:22:34'),
(162, 'NI', 'Nicaragua', '2022-03-22 22:22:34', '2022-03-22 22:22:34'),
(163, 'NE', 'Niger', '2022-03-22 22:22:34', '2022-03-22 22:22:34'),
(164, 'NG', 'Nigeria', '2022-03-22 22:22:34', '2022-03-22 22:22:34'),
(165, 'NU', 'Niue', '2022-03-22 22:22:34', '2022-03-22 22:22:34'),
(166, 'NF', 'Norfolk Island', '2022-03-22 22:22:34', '2022-03-22 22:22:34'),
(167, 'MP', 'Northern Mariana Islands', '2022-03-22 22:22:34', '2022-03-22 22:22:34'),
(168, 'NO', 'Norway', '2022-03-22 22:22:34', '2022-03-22 22:22:34'),
(169, 'OM', 'Oman', '2022-03-22 22:22:34', '2022-03-22 22:22:34'),
(170, 'PK', 'Pakistan', '2022-03-22 22:22:34', '2022-03-22 22:22:34'),
(171, 'PW', 'Palau', '2022-03-22 22:22:34', '2022-03-22 22:22:34'),
(172, 'PS', 'Palestine', '2022-03-22 22:22:34', '2022-03-22 22:22:34'),
(173, 'PA', 'Panama', '2022-03-22 22:22:34', '2022-03-22 22:22:34'),
(174, 'PG', 'Papua New Guinea', '2022-03-22 22:22:34', '2022-03-22 22:22:34'),
(175, 'PY', 'Paraguay', '2022-03-22 22:22:34', '2022-03-22 22:22:34'),
(176, 'PE', 'Peru', '2022-03-22 22:22:34', '2022-03-22 22:22:34'),
(177, 'PH', 'Philippines', '2022-03-22 22:22:34', '2022-03-22 22:22:34'),
(178, 'PN', 'Pitcairn', '2022-03-22 22:22:34', '2022-03-22 22:22:34'),
(179, 'PL', 'Poland', '2022-03-22 22:22:34', '2022-03-22 22:22:34'),
(180, 'PT', 'Portugal', '2022-03-22 22:22:34', '2022-03-22 22:22:34'),
(181, 'PR', 'Puerto Rico', '2022-03-22 22:22:34', '2022-03-22 22:22:34'),
(182, 'QA', 'Qatar', '2022-03-22 22:22:34', '2022-03-22 22:22:34'),
(183, 'RE', 'Reunion', '2022-03-22 22:22:34', '2022-03-22 22:22:34'),
(184, 'RO', 'Romania', '2022-03-22 22:22:34', '2022-03-22 22:22:34'),
(185, 'RU', 'Russian Federation', '2022-03-22 22:22:34', '2022-03-22 22:22:34'),
(186, 'RW', 'Rwanda', '2022-03-22 22:22:34', '2022-03-22 22:22:34'),
(187, 'KN', 'Saint Kitts and Nevis', '2022-03-22 22:22:34', '2022-03-22 22:22:34'),
(188, 'LC', 'Saint Lucia', '2022-03-22 22:22:34', '2022-03-22 22:22:34'),
(189, 'VC', 'Saint Vincent and the Grenadines', '2022-03-22 22:22:34', '2022-03-22 22:22:34'),
(190, 'WS', 'Samoa', '2022-03-22 22:22:34', '2022-03-22 22:22:34'),
(191, 'SM', 'San Marino', '2022-03-22 22:22:34', '2022-03-22 22:22:34'),
(192, 'ST', 'Sao Tome and Principe', '2022-03-22 22:22:34', '2022-03-22 22:22:34'),
(193, 'SA', 'Saudi Arabia', '2022-03-22 22:22:34', '2022-03-22 22:22:34'),
(194, 'SN', 'Senegal', '2022-03-22 22:22:34', '2022-03-22 22:22:34'),
(195, 'RS', 'Serbia', '2022-03-22 22:22:34', '2022-03-22 22:22:34'),
(196, 'SC', 'Seychelles', '2022-03-22 22:22:34', '2022-03-22 22:22:34'),
(197, 'SL', 'Sierra Leone', '2022-03-22 22:22:34', '2022-03-22 22:22:34'),
(198, 'SG', 'Singapore', '2022-03-22 22:22:34', '2022-03-22 22:22:34'),
(199, 'SK', 'Slovakia', '2022-03-22 22:22:34', '2022-03-22 22:22:34'),
(200, 'SI', 'Slovenia', '2022-03-22 22:22:35', '2022-03-22 22:22:35'),
(201, 'SB', 'Solomon Islands', '2022-03-22 22:22:35', '2022-03-22 22:22:35'),
(202, 'SO', 'Somalia', '2022-03-22 22:22:35', '2022-03-22 22:22:35'),
(203, 'ZA', 'South Africa', '2022-03-22 22:22:35', '2022-03-22 22:22:35'),
(204, 'GS', 'South Georgia South Sandwich Islands', '2022-03-22 22:22:35', '2022-03-22 22:22:35'),
(205, 'ES', 'Spain', '2022-03-22 22:22:35', '2022-03-22 22:22:35'),
(206, 'LK', 'Sri Lanka', '2022-03-22 22:22:35', '2022-03-22 22:22:35'),
(207, 'SH', 'St. Helena', '2022-03-22 22:22:35', '2022-03-22 22:22:35'),
(208, 'PM', 'St. Pierre and Miquelon', '2022-03-22 22:22:35', '2022-03-22 22:22:35'),
(209, 'SD', 'Sudan', '2022-03-22 22:22:35', '2022-03-22 22:22:35'),
(210, 'SR', 'Suriname', '2022-03-22 22:22:35', '2022-03-22 22:22:35'),
(211, 'SJ', 'Svalbard and Jan Mayen Islands', '2022-03-22 22:22:35', '2022-03-22 22:22:35'),
(212, 'SZ', 'Swaziland', '2022-03-22 22:22:35', '2022-03-22 22:22:35'),
(213, 'SE', 'Sweden', '2022-03-22 22:22:35', '2022-03-22 22:22:35'),
(214, 'CH', 'Switzerland', '2022-03-22 22:22:35', '2022-03-22 22:22:35'),
(215, 'SY', 'Syrian Arab Republic', '2022-03-22 22:22:35', '2022-03-22 22:22:35'),
(216, 'TW', 'Taiwan', '2022-03-22 22:22:35', '2022-03-22 22:22:35'),
(217, 'TJ', 'Tajikistan', '2022-03-22 22:22:35', '2022-03-22 22:22:35'),
(218, 'TZ', 'Tanzania, United Republic of', '2022-03-22 22:22:35', '2022-03-22 22:22:35'),
(219, 'TH', 'Thailand', '2022-03-22 22:22:35', '2022-03-22 22:22:35'),
(220, 'TG', 'Togo', '2022-03-22 22:22:35', '2022-03-22 22:22:35'),
(221, 'TK', 'Tokelau', '2022-03-22 22:22:35', '2022-03-22 22:22:35'),
(222, 'TO', 'Tonga', '2022-03-22 22:22:35', '2022-03-22 22:22:35'),
(223, 'TT', 'Trinidad and Tobago', '2022-03-22 22:22:35', '2022-03-22 22:22:35'),
(224, 'TN', 'Tunisia', '2022-03-22 22:22:35', '2022-03-22 22:22:35'),
(225, 'TR', 'Turkey', '2022-03-22 22:22:35', '2022-03-22 22:22:35'),
(226, 'TM', 'Turkmenistan', '2022-03-22 22:22:35', '2022-03-22 22:22:35'),
(227, 'TC', 'Turks and Caicos Islands', '2022-03-22 22:22:35', '2022-03-22 22:22:35'),
(228, 'TV', 'Tuvalu', '2022-03-22 22:22:35', '2022-03-22 22:22:35'),
(229, 'UG', 'Uganda', '2022-03-22 22:22:35', '2022-03-22 22:22:35'),
(230, 'UA', 'Ukraine', '2022-03-22 22:22:35', '2022-03-22 22:22:35'),
(231, 'AE', 'United Arab Emirates', '2022-03-22 22:22:35', '2022-03-22 22:22:35'),
(232, 'GB', 'United Kingdom', '2022-03-22 22:22:35', '2022-03-22 22:22:35'),
(233, 'US', 'United States', '2022-03-22 22:22:35', '2022-03-22 22:22:35'),
(234, 'UM', 'United States minor outlying islands', '2022-03-22 22:22:35', '2022-03-22 22:22:35'),
(235, 'UY', 'Uruguay', '2022-03-22 22:22:35', '2022-03-22 22:22:35'),
(236, 'UZ', 'Uzbekistan', '2022-03-22 22:22:35', '2022-03-22 22:22:35'),
(237, 'VU', 'Vanuatu', '2022-03-22 22:22:35', '2022-03-22 22:22:35'),
(238, 'VA', 'Vatican City State', '2022-03-22 22:22:35', '2022-03-22 22:22:35'),
(239, 'VE', 'Venezuela', '2022-03-22 22:22:35', '2022-03-22 22:22:35'),
(240, 'VN', 'Vietnam', '2022-03-22 22:22:35', '2022-03-22 22:22:35'),
(241, 'VG', 'Virgin Islands (British)', '2022-03-22 22:22:35', '2022-03-22 22:22:35'),
(242, 'VI', 'Virgin Islands (U.S.)', '2022-03-22 22:22:35', '2022-03-22 22:22:35'),
(243, 'WF', 'Wallis and Futuna Islands', '2022-03-22 22:22:35', '2022-03-22 22:22:35'),
(244, 'EH', 'Western Sahara', '2022-03-22 22:22:35', '2022-03-22 22:22:35'),
(245, 'YE', 'Yemen', '2022-03-22 22:22:35', '2022-03-22 22:22:35'),
(246, 'ZR', 'Zaire', '2022-03-22 22:22:35', '2022-03-22 22:22:35'),
(247, 'ZM', 'Zambia', '2022-03-22 22:22:35', '2022-03-22 22:22:35'),
(248, 'ZW', 'Zimbabwe', '2022-03-22 22:22:35', '2022-03-22 22:22:35');

-- --------------------------------------------------------

--
-- Table structure for table `faq`
--

CREATE TABLE `faq` (
  `id` int(11) NOT NULL,
  `question` text,
  `answer` text,
  `created_at` timestamp NULL DEFAULT CURRENT_TIMESTAMP,
  `updated_at` timestamp NULL DEFAULT CURRENT_TIMESTAMP
) ENGINE=InnoDB DEFAULT CHARSET=utf8mb4;

-- --------------------------------------------------------

--
-- Table structure for table `favored_sceneries`
--

CREATE TABLE `favored_sceneries` (
  `id` int(11) NOT NULL,
  `name` varchar(255) NOT NULL
) ENGINE=InnoDB DEFAULT CHARSET=latin1;

--
-- Dumping data for table `favored_sceneries`
--

INSERT INTO `favored_sceneries` (`id`, `name`) VALUES
(1, 'Ancient Architecture'),
(2, 'Beaches'),
(3, 'Concrete Jungles'),
(4, 'Deserts'),
(5, 'Forests'),
(6, 'Flea Markets'),
(7, 'Safari'),
(8, 'Volcanic Hotspots'),
(9, 'Wine Country'),
(10, 'Mountains'),
(11, 'Lake/River fronts'),
(12, 'Tropical Rain forests');

-- --------------------------------------------------------

--
-- Table structure for table `images`
--

CREATE TABLE `images` (
  `id` int(11) NOT NULL,
  `pakage_id` int(11) DEFAULT NULL,
  `title` varchar(255) DEFAULT NULL,
  `created_at` timestamp NULL DEFAULT CURRENT_TIMESTAMP,
  `updated_at` timestamp NULL DEFAULT CURRENT_TIMESTAMP
) ENGINE=InnoDB DEFAULT CHARSET=utf8mb4;

--
-- Dumping data for table `images`
--

INSERT INTO `images` (`id`, `pakage_id`, `title`, `created_at`, `updated_at`) VALUES
(17, 7, '16491018380.jpg', '2022-04-05 00:50:38', '2022-04-05 00:50:38'),
(20, 8, '1649102121.jpg', '2022-04-05 00:55:21', '2022-04-05 00:55:21'),
(43, 1, '16551566900.jpg', '2022-06-14 01:44:50', '2022-06-14 01:44:50'),
(44, 1, '16551566901.jpg', '2022-06-14 01:44:50', '2022-06-14 01:44:50'),
(45, 1, '16551566902.jpg', '2022-06-14 01:44:50', '2022-06-14 01:44:50'),
(46, 2, '16551568150.jpg', '2022-06-14 01:46:55', '2022-06-14 01:46:55'),
(47, 2, '16551568151.jpg', '2022-06-14 01:46:55', '2022-06-14 01:46:55'),
(48, 2, '16551568152.jpg', '2022-06-14 01:46:55', '2022-06-14 01:46:55'),
(49, 3, '16551568710.jpg', '2022-06-14 01:47:51', '2022-06-14 01:47:51'),
(50, 3, '16551568711.jpg', '2022-06-14 01:47:51', '2022-06-14 01:47:51'),
(51, 3, '16551568712.jpg', '2022-06-14 01:47:51', '2022-06-14 01:47:51'),
(52, 3, '16551568713.jpg', '2022-06-14 01:47:51', '2022-06-14 01:47:51'),
(53, 4, '16551569530.jpg', '2022-06-14 01:49:13', '2022-06-14 01:49:13'),
(54, 4, '16551569531.jpg', '2022-06-14 01:49:13', '2022-06-14 01:49:13'),
(55, 4, '16551569532.jpg', '2022-06-14 01:49:13', '2022-06-14 01:49:13'),
(56, 4, '16551569533.jpg', '2022-06-14 01:49:13', '2022-06-14 01:49:13'),
(57, 4, '16551569534.jpg', '2022-06-14 01:49:13', '2022-06-14 01:49:13'),
(58, 5, '16551570530.jpg', '2022-06-14 01:50:53', '2022-06-14 01:50:53'),
(59, 6, '16551571050.jpg', '2022-06-14 01:51:45', '2022-06-14 01:51:45'),
(60, 6, '16551571051.jpg', '2022-06-14 01:51:45', '2022-06-14 01:51:45'),
(61, 9, '16561106250.jpg', '2022-06-25 02:43:45', '2022-06-25 02:43:45'),
(62, 9, '16561106251.jpg', '2022-06-25 02:43:45', '2022-06-25 02:43:45'),
(63, 9, '16561106252.jpg', '2022-06-25 02:43:45', '2022-06-25 02:43:45'),
(64, 10, '16561106252.jpg', '2022-06-25 02:44:23', '2022-06-25 02:44:23'),
(65, 10, '16561106631.jpg', '2022-06-25 02:44:23', '2022-06-25 02:44:23'),
(66, 10, '16561106632.jpg', '2022-06-25 02:44:23', '2022-06-25 02:44:23'),
(67, 11, '16561107170.jpg', '2022-06-25 02:45:17', '2022-06-25 02:45:17'),
(68, 11, '16561107171.jpg', '2022-06-25 02:45:17', '2022-06-25 02:45:17'),
(69, 11, '16561107172.jpg', '2022-06-25 02:45:17', '2022-06-25 02:45:17'),
(70, 11, '16561107173.jpg', '2022-06-25 02:45:17', '2022-06-25 02:45:17'),
(71, 11, '16561107174.jpg', '2022-06-25 02:45:17', '2022-06-25 02:45:17'),
(72, 12, '16561107560.jpg', '2022-06-25 02:45:56', '2022-06-25 02:45:56'),
(73, 12, '16561107561.jpg', '2022-06-25 02:45:56', '2022-06-25 02:45:56'),
(74, 13, '16561111950.jpg', '2022-06-25 02:53:15', '2022-06-25 02:53:15'),
(75, 13, '16561111951.jpg', '2022-06-25 02:53:15', '2022-06-25 02:53:15'),
(76, 14, '16561112960.jpg', '2022-06-25 02:54:56', '2022-06-25 02:54:56'),
(77, 14, '16561112961.jpg', '2022-06-25 02:54:56', '2022-06-25 02:54:56'),
(78, 14, '16561112962.jpg', '2022-06-25 02:54:56', '2022-06-25 02:54:56'),
(79, 15, '16561113340.jpg', '2022-06-25 02:55:34', '2022-06-25 02:55:34'),
(80, 15, '16561113341.jpg', '2022-06-25 02:55:34', '2022-06-25 02:55:34'),
(81, 15, '16561113342.jpg', '2022-06-25 02:55:34', '2022-06-25 02:55:34'),
(82, 15, '16561113343.jpg', '2022-06-25 02:55:34', '2022-06-25 02:55:34'),
(83, 15, '16561113344.jpg', '2022-06-25 02:55:34', '2022-06-25 02:55:34'),
(84, 16, '16561113810.jpg', '2022-06-25 02:56:21', '2022-06-25 02:56:21'),
(85, 16, '16561113811.jpg', '2022-06-25 02:56:21', '2022-06-25 02:56:21'),
(86, 17, '16561123810.jpg', '2022-06-25 03:13:01', '2022-06-25 03:13:01'),
(87, 17, '16561123811.jpg', '2022-06-25 03:13:01', '2022-06-25 03:13:01'),
(88, 17, '16561123812.jpg', '2022-06-25 03:13:01', '2022-06-25 03:13:01'),
(89, 18, '16561124150.jpg', '2022-06-25 03:13:35', '2022-06-25 03:13:35'),
(90, 18, '16561124151.jpg', '2022-06-25 03:13:35', '2022-06-25 03:13:35'),
(91, 18, '16561124152.jpg', '2022-06-25 03:13:35', '2022-06-25 03:13:35'),
(92, 19, '16561124540.jpg', '2022-06-25 03:14:14', '2022-06-25 03:14:14'),
(93, 19, '16561124541.jpg', '2022-06-25 03:14:14', '2022-06-25 03:14:14'),
(94, 19, '16561124542.jpg', '2022-06-25 03:14:14', '2022-06-25 03:14:14'),
(95, 20, '16561124870.jpg', '2022-06-25 03:14:47', '2022-06-25 03:14:47'),
(96, 20, '16561124871.jpg', '2022-06-25 03:14:47', '2022-06-25 03:14:47'),
(97, 20, '16561124872.jpg', '2022-06-25 03:14:47', '2022-06-25 03:14:47'),
(98, 20, '16561124873.jpg', '2022-06-25 03:14:47', '2022-06-25 03:14:47'),
(99, 20, '16561124874.jpg', '2022-06-25 03:14:47', '2022-06-25 03:14:47'),
(100, 21, '16561174430.jpg', '2022-06-25 04:37:23', '2022-06-25 04:37:23'),
(101, 21, '16561174431.jpg', '2022-06-25 04:37:23', '2022-06-25 04:37:23'),
(102, 21, '16561174432.jpg', '2022-06-25 04:37:23', '2022-06-25 04:37:23'),
(103, 22, '16561190140.jpg', '2022-06-25 05:03:34', '2022-06-25 05:03:34'),
(104, 22, '16561190141.jpg', '2022-06-25 05:03:34', '2022-06-25 05:03:34'),
(105, 22, '16561190142.jpg', '2022-06-25 05:03:34', '2022-06-25 05:03:34'),
(106, 23, '16561190480.jpg', '2022-06-25 05:04:08', '2022-06-25 05:04:08'),
(107, 23, '16561190481.jpg', '2022-06-25 05:04:08', '2022-06-25 05:04:08'),
(108, 23, '16561190482.jpg', '2022-06-25 05:04:08', '2022-06-25 05:04:08'),
(109, 24, '16561190780.jpg', '2022-06-25 05:04:38', '2022-06-25 05:04:38'),
(110, 24, '16561190781.jpg', '2022-06-25 05:04:38', '2022-06-25 05:04:38'),
(111, 24, '16561190782.jpg', '2022-06-25 05:04:38', '2022-06-25 05:04:38'),
(112, 25, '16561191360.jpg', '2022-06-25 05:05:36', '2022-06-25 05:05:36'),
(113, 25, '16561191361.jpg', '2022-06-25 05:05:36', '2022-06-25 05:05:36'),
(114, 25, '16561191362.jpg', '2022-06-25 05:05:36', '2022-06-25 05:05:36'),
(115, 25, '16561191363.jpg', '2022-06-25 05:05:36', '2022-06-25 05:05:36'),
(116, 25, '16561191364.jpg', '2022-06-25 05:05:36', '2022-06-25 05:05:36'),
(117, 26, '16561191790.jpg', '2022-06-25 05:06:19', '2022-06-25 05:06:19'),
(118, 26, '16561191791.jpg', '2022-06-25 05:06:19', '2022-06-25 05:06:19'),
(119, 26, '16561191792.jpg', '2022-06-25 05:06:19', '2022-06-25 05:06:19'),
(120, 26, '16561191793.jpg', '2022-06-25 05:06:19', '2022-06-25 05:06:19'),
(121, 26, '16561191794.jpg', '2022-06-25 05:06:19', '2022-06-25 05:06:19'),
(122, 27, '16563543330.jpg', '2022-06-27 22:25:33', '2022-06-27 22:25:33'),
(123, 27, '16563543331.jpg', '2022-06-27 22:25:33', '2022-06-27 22:25:33'),
(124, 27, '16563543332.jpg', '2022-06-27 22:25:33', '2022-06-27 22:25:33'),
(125, 28, '16563543770.jpg', '2022-06-27 22:26:17', '2022-06-27 22:26:17'),
(126, 28, '16563543771.jpg', '2022-06-27 22:26:17', '2022-06-27 22:26:17'),
(127, 28, '16563543772.jpg', '2022-06-27 22:26:17', '2022-06-27 22:26:17'),
(128, 29, '16563544730.jpg', '2022-06-27 22:27:53', '2022-06-27 22:27:53'),
(129, 29, '16563544731.jpg', '2022-06-27 22:27:53', '2022-06-27 22:27:53'),
(130, 29, '16563544732.jpg', '2022-06-27 22:27:53', '2022-06-27 22:27:53'),
(131, 30, '16563545220.jpg', '2022-06-27 22:28:42', '2022-06-27 22:28:42'),
(132, 30, '16563545221.jpg', '2022-06-27 22:28:42', '2022-06-27 22:28:42'),
(133, 30, '16563545222.jpg', '2022-06-27 22:28:42', '2022-06-27 22:28:42'),
(134, 31, '16563545730.jpg', '2022-06-27 22:29:33', '2022-06-27 22:29:33'),
(135, 31, '16563545731.jpg', '2022-06-27 22:29:33', '2022-06-27 22:29:33'),
(136, 31, '16563545732.jpg', '2022-06-27 22:29:33', '2022-06-27 22:29:33'),
(137, 31, '16563545733.jpg', '2022-06-27 22:29:33', '2022-06-27 22:29:33'),
(138, 31, '16563545734.jpg', '2022-06-27 22:29:33', '2022-06-27 22:29:33'),
(139, 32, '16563549420.jpg', '2022-06-27 22:35:42', '2022-06-27 22:35:42'),
(140, 32, '16563549421.jpg', '2022-06-27 22:35:42', '2022-06-27 22:35:42'),
(141, 32, '16563549422.jpg', '2022-06-27 22:35:42', '2022-06-27 22:35:42'),
(142, 33, '16563549970.jpg', '2022-06-27 22:36:37', '2022-06-27 22:36:37'),
(143, 33, '16563549971.jpg', '2022-06-27 22:36:37', '2022-06-27 22:36:37'),
(144, 33, '16563549972.jpg', '2022-06-27 22:36:37', '2022-06-27 22:36:37'),
(145, 34, '16563550310.jpg', '2022-06-27 22:37:11', '2022-06-27 22:37:11'),
(146, 34, '16563550311.jpg', '2022-06-27 22:37:11', '2022-06-27 22:37:11'),
(147, 34, '16563550312.jpg', '2022-06-27 22:37:11', '2022-06-27 22:37:11'),
(148, 35, '16563550790.jpg', '2022-06-27 22:37:59', '2022-06-27 22:37:59'),
(149, 35, '16563550791.jpg', '2022-06-27 22:37:59', '2022-06-27 22:37:59'),
(150, 35, '16563550792.jpg', '2022-06-27 22:37:59', '2022-06-27 22:37:59'),
(151, 35, '16563550793.jpg', '2022-06-27 22:37:59', '2022-06-27 22:37:59'),
(152, 35, '16563550794.jpg', '2022-06-27 22:37:59', '2022-06-27 22:37:59'),
(153, 36, '16563558770.jpg', '2022-06-27 22:51:17', '2022-06-27 22:51:17'),
(154, 37, '16563559130.jpg', '2022-06-27 22:51:53', '2022-06-27 22:51:53'),
(155, 37, '16563559131.jpg', '2022-06-27 22:51:53', '2022-06-27 22:51:53'),
(156, 37, '16563559132.jpg', '2022-06-27 22:51:53', '2022-06-27 22:51:53'),
(157, 38, '16563560410.jpg', '2022-06-27 22:54:01', '2022-06-27 22:54:01'),
(158, 38, '16563560411.jpg', '2022-06-27 22:54:01', '2022-06-27 22:54:01'),
(159, 38, '16563560412.jpg', '2022-06-27 22:54:01', '2022-06-27 22:54:01'),
(161, 39, '16563571500.jpg', '2022-06-27 23:12:30', '2022-06-27 23:12:30'),
(162, 39, '16563571501.jpg', '2022-06-27 23:12:30', '2022-06-27 23:12:30'),
(163, 39, '16563571502.jpg', '2022-06-27 23:12:30', '2022-06-27 23:12:30'),
(164, 39, '16563571503.jpg', '2022-06-27 23:12:30', '2022-06-27 23:12:30'),
(165, 40, '16563572430.jpg', '2022-06-27 23:14:03', '2022-06-27 23:14:03'),
(166, 40, '16563572431.jpg', '2022-06-27 23:14:03', '2022-06-27 23:14:03'),
(167, 40, '16563572432.jpg', '2022-06-27 23:14:03', '2022-06-27 23:14:03'),
(168, 40, '16563572433.jpg', '2022-06-27 23:14:03', '2022-06-27 23:14:03'),
(169, 41, '16563583280.jpg', '2022-06-27 23:32:08', '2022-06-27 23:32:08'),
(170, 41, '16563583281.jpg', '2022-06-27 23:32:08', '2022-06-27 23:32:08'),
(171, 41, '16563583282.jpg', '2022-06-27 23:32:08', '2022-06-27 23:32:08'),
(172, 42, '16563583640.jpg', '2022-06-27 23:32:44', '2022-06-27 23:32:44'),
(173, 42, '16563583641.jpg', '2022-06-27 23:32:44', '2022-06-27 23:32:44'),
(174, 42, '16563583642.jpg', '2022-06-27 23:32:44', '2022-06-27 23:32:44'),
(175, 43, '16563584180.jpg', '2022-06-27 23:33:38', '2022-06-27 23:33:38'),
(176, 43, '16563584181.jpg', '2022-06-27 23:33:38', '2022-06-27 23:33:38'),
(177, 43, '16563584182.jpg', '2022-06-27 23:33:38', '2022-06-27 23:33:38'),
(178, 43, '16563584183.jpg', '2022-06-27 23:33:38', '2022-06-27 23:33:38'),
(179, 43, '16563584184.jpg', '2022-06-27 23:33:38', '2022-06-27 23:33:38'),
(180, 44, '16563585870.jpg', '2022-06-27 23:36:27', '2022-06-27 23:36:27'),
(181, 44, '16563585871.jpg', '2022-06-27 23:36:27', '2022-06-27 23:36:27'),
(182, 45, '16563586250.jpg', '2022-06-27 23:37:05', '2022-06-27 23:37:05'),
(183, 45, '16563586251.jpg', '2022-06-27 23:37:05', '2022-06-27 23:37:05'),
(184, 46, '16563590000.jpg', '2022-06-27 23:43:20', '2022-06-27 23:43:20'),
(185, 46, '16563590001.jpg', '2022-06-27 23:43:20', '2022-06-27 23:43:20'),
(186, 46, '16563590002.jpg', '2022-06-27 23:43:20', '2022-06-27 23:43:20'),
(187, 47, '16563590320.jpg', '2022-06-27 23:43:52', '2022-06-27 23:43:52'),
(188, 47, '16563590321.jpg', '2022-06-27 23:43:52', '2022-06-27 23:43:52'),
(189, 47, '16563590322.jpg', '2022-06-27 23:43:52', '2022-06-27 23:43:52'),
(190, 48, '16563590980.jpg', '2022-06-27 23:44:58', '2022-06-27 23:44:58'),
(191, 48, '16563590981.jpg', '2022-06-27 23:44:58', '2022-06-27 23:44:58'),
(192, 48, '16563590982.jpg', '2022-06-27 23:44:58', '2022-06-27 23:44:58'),
(193, 48, '16563590983.jpg', '2022-06-27 23:44:58', '2022-06-27 23:44:58'),
(194, 49, '16571192210.jpg', '2022-07-06 18:53:41', '2022-07-06 18:53:41'),
(195, 50, '16571192390.jpg', '2022-07-06 18:53:59', '2022-07-06 18:53:59'),
(196, 51, '16571192550.jpg', '2022-07-06 18:54:15', '2022-07-06 18:54:15'),
(197, 52, '16571192680.jpg', '2022-07-06 18:54:28', '2022-07-06 18:54:28'),
(198, 53, '16571192840.jpg', '2022-07-06 18:54:44', '2022-07-06 18:54:44'),
(199, 54, '16571198220.jpg', '2022-07-06 19:03:42', '2022-07-06 19:03:42'),
(200, 55, '16571198440.jpg', '2022-07-06 19:04:04', '2022-07-06 19:04:04'),
(201, 56, '16571200670.jpg', '2022-07-06 19:07:47', '2022-07-06 19:07:47'),
(202, 57, '16571201140.jpg', '2022-07-06 19:08:34', '2022-07-06 19:08:34'),
(203, 58, '16571201270.jpg', '2022-07-06 19:08:47', '2022-07-06 19:08:47'),
(204, 59, '16571201470.jpg', '2022-07-06 19:09:07', '2022-07-06 19:09:07'),
(207, 60, '16573044430.jfif', '2022-07-08 22:20:43', '2022-07-08 22:20:43'),
(208, 60, '16573044431.jfif', '2022-07-08 22:20:43', '2022-07-08 22:20:43'),
(209, 60, '16573044432.jfif', '2022-07-08 22:20:43', '2022-07-08 22:20:43'),
(210, 61, '16573051000.png', '2022-07-08 22:31:40', '2022-07-08 22:31:40'),
(211, 62, '16579102500.jpg', '2022-07-15 22:37:30', '2022-07-15 22:37:30'),
(212, 63, '16611871250.png', '2022-08-22 20:52:05', '2022-08-22 20:52:05'),
(213, 64, '16573051000.png', '2022-08-22 21:04:01', '2022-08-22 21:04:01'),
(214, 65, '16633455590.jfif', '2022-09-16 20:25:59', '2022-09-16 20:25:59'),
(215, 66, '16636792260.jpg', '2022-09-20 17:07:06', '2022-09-20 17:07:06'),
(216, 66, '16636792261.jpg', '2022-09-20 17:07:06', '2022-09-20 17:07:06'),
(217, 66, '16636792262.jpg', '2022-09-20 17:07:06', '2022-09-20 17:07:06'),
(218, 66, '16636792273.jpg', '2022-09-20 17:07:07', '2022-09-20 17:07:07'),
(219, 67, '16639394070.jpg', '2022-09-23 17:23:27', '2022-09-23 17:23:27');

-- --------------------------------------------------------

--
-- Table structure for table `jobs`
--

CREATE TABLE `jobs` (
  `id` int(11) NOT NULL,
  `title` varchar(55) NOT NULL,
  `description` text,
  `images` varchar(500) DEFAULT NULL,
  `start_date` date NOT NULL,
  `end_date` date NOT NULL,
  `status` int(11) NOT NULL DEFAULT '0',
  `created_at` timestamp NOT NULL DEFAULT CURRENT_TIMESTAMP,
  `updated_at` timestamp NOT NULL DEFAULT CURRENT_TIMESTAMP
) ENGINE=InnoDB DEFAULT CHARSET=utf8mb4;

--
-- Dumping data for table `jobs`
--

INSERT INTO `jobs` (`id`, `title`, `description`, `images`, `start_date`, `end_date`, `status`, `created_at`, `updated_at`) VALUES
(1, 'dummy', 'dummy', '1655489969.jpg', '2022-08-24', '2022-08-27', 1, '2022-04-08 00:05:28', '2022-08-23 13:47:59');

-- --------------------------------------------------------

--
-- Table structure for table `jobs_applied`
--

CREATE TABLE `jobs_applied` (
  `id` int(11) NOT NULL,
  `user_id` int(11) NOT NULL,
  `job_id` int(11) NOT NULL,
  `status` int(11) NOT NULL COMMENT '0 = pending, 1 = completed, 2 = cancelled',
  `created_at` timestamp NOT NULL DEFAULT CURRENT_TIMESTAMP,
  `updated_at` timestamp NOT NULL DEFAULT CURRENT_TIMESTAMP
) ENGINE=InnoDB DEFAULT CHARSET=utf8mb4;

--
-- Dumping data for table `jobs_applied`
--

INSERT INTO `jobs_applied` (`id`, `user_id`, `job_id`, `status`, `created_at`, `updated_at`) VALUES
(1, 1, 1, 1, '2022-04-08 00:05:52', '2022-07-12 17:14:09'),
(3, 92, 1, 0, '2022-07-07 19:18:00', '2022-07-07 19:18:00'),
(6, 153, 1, 0, '2022-09-16 20:18:47', '2022-09-16 20:18:47'),
(7, 185, 1, 0, '2022-09-27 04:25:13', '2022-09-27 04:25:13'),
(8, 189, 1, 0, '2022-09-27 05:05:05', '2022-09-27 05:05:05'),
(9, 207, 1, 1, '2022-09-27 08:39:27', '2022-09-29 16:15:23'),
(10, 228, 1, 2, '2022-09-28 06:49:05', '2022-09-30 03:21:54');

-- --------------------------------------------------------

--
-- Table structure for table `journies`
--

CREATE TABLE `journies` (
  `id` int(11) NOT NULL,
  `invoice_number` varchar(255) DEFAULT NULL,
  `user_id` int(11) DEFAULT NULL,
  `guide_id` int(11) DEFAULT NULL COMMENT 'guider id',
  `package_id` int(11) DEFAULT NULL,
  `payment_type` varchar(255) DEFAULT NULL,
  `meta_hash` varchar(255) DEFAULT NULL,
  `meta_from` varchar(255) DEFAULT NULL,
  `payer_id` varchar(255) DEFAULT NULL,
  `payment_id` varchar(255) DEFAULT NULL,
  `payment_url` text,
  `status` int(11) DEFAULT '0' COMMENT '0 = Process,1 = Completed , 2 = Rejected',
  `member_ship_id` int(11) DEFAULT NULL,
  `total_price` decimal(14,2) DEFAULT NULL,
  `is_paid` int(11) DEFAULT '0' COMMENT '0 = unsuccessfully payment,1 = successfully payment',
  `created_at` timestamp NULL DEFAULT NULL,
  `updated_at` timestamp NULL DEFAULT NULL
) ENGINE=InnoDB DEFAULT CHARSET=utf8mb4;

--
-- Dumping data for table `journies`
--

INSERT INTO `journies` (`id`, `invoice_number`, `user_id`, `guide_id`, `package_id`, `payment_type`, `meta_hash`, `meta_from`, `payer_id`, `payment_id`, `payment_url`, `status`, `member_ship_id`, `total_price`, `is_paid`, `created_at`, `updated_at`) VALUES
(1, NULL, 2, 1, 1, NULL, NULL, NULL, NULL, 'ch_3KjXOdFF6yglEvQF0BSZeTnt', 'https://pay.stripe.com/receipts/acct_1KEflEFF6yglEvQF/ch_3KjXOdFF6yglEvQF0BSZeTnt/rcpt_LQOAabNv2v3rHVinXPIyXfPHB6Ee1yi', NULL, NULL, '604.00', 1, '2022-04-01 04:27:20', '2022-04-01 04:27:20'),
(4, NULL, 1, 1, 3, NULL, NULL, NULL, NULL, 'ch_3KxwtXFF6yglEvQF1eNOeVha', 'https://pay.stripe.com/receipts/acct_1KEflEFF6yglEvQF/ch_3KxwtXFF6yglEvQF1eNOeVha/rcpt_LfHSIAlmnWSBT1GkehcCx12jkeWaHQF', NULL, NULL, '53.00', 1, '2022-05-10 22:30:48', '2022-05-10 22:30:48'),
(5, NULL, 3, 1, 1, NULL, NULL, NULL, NULL, 'ch_3Kyg4HFF6yglEvQF0d4MUZ0h', 'https://pay.stripe.com/receipts/acct_1KEflEFF6yglEvQF/ch_3Kyg4HFF6yglEvQF0d4MUZ0h/rcpt_Lg28BU9DyQkPYpimAQyW7ac8s3ATtCW', NULL, NULL, '604.00', 1, '2022-05-12 22:44:54', '2022-05-12 22:44:54'),
(6, NULL, 3, 1, 1, NULL, NULL, NULL, NULL, 'ch_3LBjLIFF6yglEvQF0viXIN0R', 'https://pay.stripe.com/receipts/acct_1KEflEFF6yglEvQF/ch_3LBjLIFF6yglEvQF0viXIN0R/rcpt_LtWOz1ZugIKJTPOR4Lt79K8DwTeZMkG', NULL, NULL, '604.00', 1, '2022-06-17 21:52:25', '2022-06-17 21:52:25'),
(7, 'meta657199339', 3, 1, 1, 'Through Meta', '0xdcc5aabbec770d853373cedc21221a2d88be13850ceade7e334b5548b6da89e8', '0xE7e8Ee4b06D27E14195Fa316ef34F8c2fA993C80', NULL, NULL, NULL, 1, NULL, '604.00', 1, '2022-07-01 08:14:51', '2022-07-01 08:14:51'),
(8, 'meta491509164', 3, 1, 1, 'Through Meta', '0xf67c21b64aa953b0b9a1efd7e7f1af542df0e35e8682bd1c8289f017a4c91bff', '0xE7e8Ee4b06D27E14195Fa316ef34F8c2fA993C80', NULL, NULL, NULL, 1, NULL, '604.00', 1, '2022-07-01 08:17:25', '2022-07-01 08:17:25'),
(9, 'meta726361590', 3, 1, 1, 'Through Meta', '0x9c54257bbeba7a3b86c36f6325169831df424850fa5d616de039b993e82fffde', '0xE7e8Ee4b06D27E14195Fa316ef34F8c2fA993C80', NULL, NULL, NULL, 1, NULL, '604.00', 1, '2022-07-01 08:20:11', '2022-07-01 08:20:11'),
(10, 'meta944413903', 3, 1, 1, 'Through Meta', '0x048cf5f0e61c24cc893af8f362189e53ac469682c26dc765ef45a19feff3392b', '0xE7e8Ee4b06D27E14195Fa316ef34F8c2fA993C80', NULL, NULL, NULL, 1, NULL, '604.00', 1, '2022-07-01 08:24:45', '2022-07-01 08:24:45'),
(11, 'meta718874377', 3, 1, 1, 'Through Meta', '0x4d78ee638654f7e9fbc5630fe3b7968030c5f928fa4a045f9a1cef3eac2ac6b7', '0xE7e8Ee4b06D27E14195Fa316ef34F8c2fA993C80', NULL, NULL, NULL, 1, NULL, '604.00', 1, '2022-07-01 08:27:58', '2022-07-01 08:27:58'),
(12, 'meta188659135', 3, 1, 1, 'Through Meta', '0xc7a2262da41690da71ebcb8148a75c6add49ca723e978df80656127079ccdbce', '0xE7e8Ee4b06D27E14195Fa316ef34F8c2fA993C80', NULL, NULL, NULL, 1, NULL, '604.00', 1, '2022-07-01 19:20:09', '2022-07-01 19:20:09'),
(30, '1657133269158566783', 3, 1, 5, 'Through Meta', '0x10d8fe55bc73029c338b9263df834ba4c9ae0cce1f7c68daa139e2acfeca83a7', '0xE7e8Ee4b06D27E14195Fa316ef34F8c2fA993C80', NULL, NULL, NULL, 1, NULL, '637.00', 1, '2022-07-06 22:47:49', '2022-07-06 22:47:49'),
(31, '1657134055508142744', 3, 1, 5, 'Through Meta', '0x74c2365c6c9f26dbea3dc55442cb9418de943df2828f4023768ce1743c5adbfa', '0xE7e8Ee4b06D27E14195Fa316ef34F8c2fA993C80', NULL, NULL, NULL, 1, NULL, '637.00', 1, '2022-07-06 23:00:55', '2022-07-06 23:00:55'),
(32, '1657134163755164294', 3, 1, 5, 'Through Meta', '0x6a57092fe805001c61434fa0864018f2fd946b10106dee137ec9e0e4508a34b3', '0xE7e8Ee4b06D27E14195Fa316ef34F8c2fA993C80', NULL, NULL, NULL, 1, NULL, '637.00', 1, '2022-07-06 23:02:43', '2022-07-06 23:02:43'),
(33, '1657134195787547164', 3, 1, 5, 'Through Meta', '0x9ecb534d39390ddae4bcf4bb940562dc7eb19c949e0a3463081910d5eeac81d2', '0xE7e8Ee4b06D27E14195Fa316ef34F8c2fA993C80', NULL, NULL, NULL, 1, NULL, '637.00', 1, '2022-07-06 23:03:15', '2022-07-06 23:03:15'),
(34, '1657134228685660027', 3, 1, 5, 'Through Meta', '0x376cdaa319d68b160c6fbc45a60949698900795b9b7a8057ba39daafd352bb58', '0xE7e8Ee4b06D27E14195Fa316ef34F8c2fA993C80', NULL, NULL, NULL, 1, NULL, '637.00', 1, '2022-07-06 23:03:48', '2022-07-06 23:03:48'),
(35, '1657134261976842830', 3, 1, 5, 'Through Meta', '0xcb3b2de0617e8a26ad804cb0eb8d262a5c855a527c9029711149147f7e31d50e', '0xE7e8Ee4b06D27E14195Fa316ef34F8c2fA993C80', NULL, NULL, NULL, 1, NULL, '637.00', 1, '2022-07-06 23:04:21', '2022-07-06 23:04:21'),
(36, '1657134291184226612', 3, 1, 5, 'Through Meta', '0x5d2019f207e4562eb4793237745cf283302a781f25b45eb9b2b5586dc3da5084', '0xE7e8Ee4b06D27E14195Fa316ef34F8c2fA993C80', NULL, NULL, NULL, 1, NULL, '637.00', 1, '2022-07-06 23:04:51', '2022-07-06 23:04:51'),
(37, '1657134421866021912', 3, 1, 5, 'Through Meta', '0xc032399f729c612a3d710eb7d830adaa5e8d5438c1efad7d01c7c2670f2056c5', '0xE7e8Ee4b06D27E14195Fa316ef34F8c2fA993C80', NULL, NULL, NULL, 1, NULL, '637.00', 1, '2022-07-06 23:07:01', '2022-07-06 23:07:01'),
(39, '1657196269920005142', 3, 1, 1, 'Through Meta', '0x815de136d61c2d2af3745ed34b8d68f45ad9e03de2f9123b2d8544575b15afb0', '0xE7e8Ee4b06D27E14195Fa316ef34F8c2fA993C80', NULL, NULL, NULL, 1, NULL, '604.00', 1, '2022-07-07 16:17:49', '2022-07-07 16:17:49'),
(40, '1657197947944103225', 3, 1, 1, 'Through Meta', '0x1b269f775911494a2686098147f48bd1d7044bdf4bb69b803faf7562867894b4', '0xE7e8Ee4b06D27E14195Fa316ef34F8c2fA993C80', NULL, NULL, NULL, 1, NULL, '604.00', 1, '2022-07-07 16:45:47', '2022-07-07 16:45:47'),
(41, '1657207282729735623', 3, 1, 3, 'Through Stripe', NULL, NULL, NULL, 'ch_3LIwW8EE1bl5YY9C0U47mLNp', 'https://pay.stripe.com/receipts/acct_1LI9HwEE1bl5YY9C/ch_3LIwW8EE1bl5YY9C0U47mLNp/rcpt_M0yTKK25JjNg6AuzNHuXIuaDpbJxq0j', 1, NULL, '53.00', 1, '2022-07-07 19:21:25', '2022-07-07 19:21:25'),
(46, '43423534646566534', 169, 153, 66, 'Through Paypal', NULL, NULL, '43534675786587', 'asd123456798', NULL, 1, NULL, '599.00', 1, '2022-07-13 19:11:31', '2022-09-20 18:01:45'),
(52, '1657901589501255139', 43, 1, 1, 'Through Stripe', NULL, NULL, NULL, 'ch_3LLr8cEE1bl5YY9C0Ly0dS5J', 'https://pay.stripe.com/receipts/acct_1LI9HwEE1bl5YY9C/ch_3LLr8cEE1bl5YY9C0Ly0dS5J/rcpt_M3z6PwLoEaFNhTJM62tnPTr0KtitoYp', 1, NULL, '604.00', 1, '2022-07-15 20:13:12', '2022-07-15 20:13:12'),
(55, '43423534957468325', 89, 1, 1, 'Through Meta Mask', '0x7435233835fc002643d8a9af1670daa2d2e641bf920c05653c58e1468bd21106', '0x6d86e67b5475df8b2de98752360f374b1c3117c9', NULL, NULL, NULL, 1, NULL, '604.00', 1, '2022-09-05 20:43:26', '2022-09-05 20:43:26'),
(57, '16633348884061', 163, 1, 1, 'Through Stripe', NULL, NULL, NULL, 'pi_3Liea2EE1bl5YY9C1vJrUz00', NULL, 1, NULL, '1.00', 1, '2022-09-16 17:28:09', '2022-09-16 17:28:09'),
(64, '1663679867678393461', 169, 153, 66, 'Through Paypal', NULL, NULL, 'EC-0AA85241LX988291C', 'PAYID-MMU324I82M90212BK133963W', NULL, 1, NULL, '599.00', 1, '2022-09-20 17:17:47', '2022-09-20 17:17:47'),
(65, '1663680507641795862', 169, 153, 66, 'Through Paypal', NULL, NULL, NULL, 'PAYID-MMU374I86W4718627409804H', NULL, 1, NULL, '599.00', 1, '2022-09-20 17:28:27', '2022-09-20 17:28:27'),
(66, '16636805099051', 43, 153, 66, 'Through Stripe', NULL, NULL, NULL, 'pi_3Lk6UVEE1bl5YY9C0BzbswA8', NULL, 1, NULL, '599.00', 1, '2022-09-20 17:28:30', '2022-09-20 17:28:30'),
(67, '1663680639194213967', 169, 153, 66, 'Through Paypal', NULL, NULL, 'ANW4NQJPHEJPU', 'PAYID-MMU4A5I337612297C369471G', NULL, 1, NULL, '599.00', 1, '2022-09-20 17:30:39', '2022-09-20 17:30:39'),
(72, '16636838021020', 43, 153, 66, 'Through Stripe', NULL, NULL, NULL, 'pi_3Lk7LlEE1bl5YY9C1hs8VceW', NULL, 1, NULL, '599.00', 1, '2022-09-20 18:23:23', '2022-09-20 18:23:23'),
(74, '1663866413155468475', 169, 153, 66, 'Through Paypal', NULL, NULL, 'BMSRDNUY576HC', 'PAYID-MMWJL6A4JG74533MW5044209', NULL, 1, NULL, '599.00', 1, '2022-09-22 21:06:53', '2022-09-22 21:06:53'),
(75, '1664218866907427341', 182, 153, 66, 'Through Paypal', NULL, NULL, 'BMSRDNUY576HC', 'PAYID-MMY7NZA28C95491D7103803S', NULL, 1, NULL, '599.00', 1, '2022-09-26 23:01:06', '2022-09-26 23:01:06'),
(76, '1664218905544749205', 182, 153, 66, 'Through Paypal', NULL, NULL, 'BMSRDNUY576HC', 'PAYID-MMY7OAY0PN55189V49302746', NULL, 1, NULL, '599.00', 1, '2022-09-26 23:01:45', '2022-09-26 23:01:45'),
(77, '1664219030202125048', 182, 153, 66, 'Through Paypal', NULL, NULL, 'BMSRDNUY576HC', 'PAYID-MMY7PCY22V27423K0641084V', NULL, 1, NULL, '599.00', 1, '2022-09-26 23:03:50', '2022-09-26 23:03:50'),
(78, '1664219196437423140', 182, 153, 66, 'Through Paypal', NULL, NULL, 'BMSRDNUY576HC', 'PAYID-MMY7QMI3E932020U32888149', NULL, 1, NULL, '599.00', 1, '2022-09-26 23:06:36', '2022-09-26 23:06:36'),
(79, '1664219250577750418', 182, 153, 66, 'Through Paypal', NULL, NULL, 'BMSRDNUY576HC', 'PAYID-MMY7QYY7CG389561X6634607', NULL, 1, NULL, '599.00', 1, '2022-09-26 23:07:30', '2022-09-26 23:07:30'),
(80, '1664220396641174565', 182, 153, 66, 'Through Paypal', NULL, NULL, 'BMSRDNUY576HC', 'PAYID-MMY7ZXA6W4418842Y117800H', NULL, 1, NULL, '599.00', 1, '2022-09-26 23:26:36', '2022-09-26 23:26:36'),
(88, '1664302621638358128', 182, 153, 66, 'Through Meta', '0x7785be0441117cfb5836adfb203388242677a30356eb196dccb9d8bb727324e3', '0xA19e95c20823aFeE2a2Ee48BDb41A5c08152e311', NULL, NULL, NULL, 1, NULL, '599.00', 1, '2022-09-27 22:17:01', '2022-09-27 22:17:01');

-- --------------------------------------------------------

--
-- Table structure for table `membership_plans`
--

CREATE TABLE `membership_plans` (
  `id` int(11) NOT NULL,
  `title` varchar(255) NOT NULL,
  `price` decimal(15,2) NOT NULL,
  `plan_type` varchar(255) DEFAULT NULL,
  `no_of_packages` int(11) NOT NULL,
  `duration` int(11) NOT NULL,
  `created_at` timestamp NOT NULL DEFAULT CURRENT_TIMESTAMP,
  `updated_at` timestamp NOT NULL DEFAULT CURRENT_TIMESTAMP
) ENGINE=InnoDB DEFAULT CHARSET=utf8mb4;

--
-- Dumping data for table `membership_plans`
--

INSERT INTO `membership_plans` (`id`, `title`, `price`, `plan_type`, `no_of_packages`, `duration`, `created_at`, `updated_at`) VALUES
(1, 'Frees', '0.00', NULL, 1, 3, '2022-03-24 19:42:47', '2022-09-16 13:54:55'),
(2, 'Deluxe', '19.99', NULL, 5, 30, '2022-03-24 19:42:47', '2022-03-24 19:42:47'),
(3, 'Premium', '29.99', NULL, 2147483647, 30, '2022-03-24 19:42:51', '2022-03-24 19:42:51'),
(4, 'Monthly ', '19.99', 'Alternative', 2147483647, 30, '2022-03-24 19:42:51', '2022-03-24 19:42:51'),
(5, 'Quarterly', '55.00', 'Alternative', 2147483647, 90, '2022-03-24 19:46:18', '2022-03-24 19:46:18'),
(6, 'Half-Yearly', '100.00', 'Alternative', 2147483647, 180, '2022-03-24 19:46:18', '2022-03-24 19:46:18'),
(7, 'Yearly', '199.00', 'Alternative', 2147483647, 365, '2022-03-24 19:46:18', '2022-03-24 19:46:18');

-- --------------------------------------------------------

--
-- Table structure for table `member_ships`
--

CREATE TABLE `member_ships` (
  `id` int(11) NOT NULL,
  `invoice_number` varchar(255) DEFAULT NULL,
  `user_id` int(11) NOT NULL,
  `membership_id` int(11) NOT NULL,
  `payment_type` varchar(255) DEFAULT NULL,
  `meta_hash` varchar(255) DEFAULT NULL,
  `meta_from` varchar(255) DEFAULT NULL,
  `payment_id` varchar(255) DEFAULT NULL,
  `receipt_url` text,
  `title` varchar(255) DEFAULT NULL,
  `price` decimal(14,2) DEFAULT NULL,
  `description` text,
  `no_of_packages` bigint(11) DEFAULT NULL,
  `duration` int(11) NOT NULL,
  `created_at` timestamp NULL DEFAULT CURRENT_TIMESTAMP,
  `updated_at` timestamp NULL DEFAULT CURRENT_TIMESTAMP
) ENGINE=InnoDB DEFAULT CHARSET=utf8mb4;

--
-- Dumping data for table `member_ships`
--

INSERT INTO `member_ships` (`id`, `invoice_number`, `user_id`, `membership_id`, `payment_type`, `meta_hash`, `meta_from`, `payment_id`, `receipt_url`, `title`, `price`, `description`, `no_of_packages`, `duration`, `created_at`, `updated_at`) VALUES
(2, NULL, 1, 2, NULL, NULL, NULL, 'ch_3KjXHjFF6yglEvQF1mLdYumc', 'https://pay.stripe.com/receipts/acct_1KEflEFF6yglEvQF/ch_3KjXHjFF6yglEvQF1mLdYumc/rcpt_LQO3FncTi7nJjnTrpbV0eABcLYEts3g', 'Deluxe', '19.99', NULL, 5, 30, '2022-04-01 04:20:12', '2022-04-01 04:20:12'),
(7, NULL, 1, 7, NULL, NULL, NULL, 'ch_3KxwikFF6yglEvQF0w1RYxqe', 'https://pay.stripe.com/receipts/acct_1KEflEFF6yglEvQF/ch_3KxwikFF6yglEvQF0w1RYxqe/rcpt_LfHHJnH2XSF3UphCXT3w5QvfrMDhzmd', 'Yearly', '199.00', NULL, 2147483647, 365, '2022-05-10 22:19:39', '2022-05-10 22:19:39'),
(9, NULL, 29, 3, NULL, NULL, NULL, 'ch_3LB1kQFF6yglEvQF0uPnzC4G', 'https://pay.stripe.com/receipts/acct_1KEflEFF6yglEvQF/ch_3LB1kQFF6yglEvQF0uPnzC4G/rcpt_LsnLw85Ed3NpuQhiWPftQyFvZcCeYiG', 'Premium', '29.99', NULL, 2147483647, 30, '2022-06-15 23:19:27', '2022-06-15 23:19:27'),
(10, NULL, 63, 7, NULL, NULL, NULL, 'ch_3LELCrFF6yglEvQF0O7AkLZ4', 'https://pay.stripe.com/receipts/acct_1KEflEFF6yglEvQF/ch_3LELCrFF6yglEvQF0O7AkLZ4/rcpt_LwDejIpYr864JIeesGYbSmjIp2mHXya', 'Yearly', '199.00', NULL, 2147483647, 365, '2022-06-25 02:42:30', '2022-06-25 02:42:30'),
(11, NULL, 64, 6, NULL, NULL, NULL, 'ch_3LELLrFF6yglEvQF19noK3HA', 'https://pay.stripe.com/receipts/acct_1KEflEFF6yglEvQF/ch_3LELLrFF6yglEvQF19noK3HA/rcpt_LwDnMNyKu5UzRLgFkXaKS3BPJktW9GQ', 'Half-Yearly', '100.00', NULL, 2147483647, 180, '2022-06-25 02:51:48', '2022-06-25 02:51:48'),
(12, NULL, 65, 5, NULL, NULL, NULL, 'ch_3LELfOFF6yglEvQF0spZQkUR', 'https://pay.stripe.com/receipts/acct_1KEflEFF6yglEvQF/ch_3LELfOFF6yglEvQF0spZQkUR/rcpt_LwE7GJkV6wORsVwt4JQxIiJoEZkczzq', 'Quarterly', '55.00', NULL, 2147483647, 90, '2022-06-25 03:11:59', '2022-06-25 03:11:59'),
(13, NULL, 66, 4, NULL, NULL, NULL, 'ch_3LEMytFF6yglEvQF0NB1q5cx', 'https://pay.stripe.com/receipts/acct_1KEflEFF6yglEvQF/ch_3LEMytFF6yglEvQF0NB1q5cx/rcpt_LwFTSjzy3pArijsf4jQbQkGsA8j6uOs', 'Monthly ', '19.99', NULL, 2147483647, 30, '2022-06-25 04:36:12', '2022-06-25 04:36:12'),
(14, NULL, 67, 6, NULL, NULL, NULL, 'ch_3LENOeFF6yglEvQF09SSUTcB', 'https://pay.stripe.com/receipts/acct_1KEflEFF6yglEvQF/ch_3LENOeFF6yglEvQF09SSUTcB/rcpt_LwFuaDfIvbUAF1PMoHV0Vl0TkNQF1GV', 'Half-Yearly', '100.00', NULL, 2147483647, 180, '2022-06-25 05:02:49', '2022-06-25 05:02:49'),
(15, NULL, 68, 5, NULL, NULL, NULL, 'ch_3LENYjFF6yglEvQF1HxaRxQB', 'https://pay.stripe.com/receipts/acct_1KEflEFF6yglEvQF/ch_3LENYjFF6yglEvQF1HxaRxQB/rcpt_LwG44AAD0BauOh88isn0i49Of8towIJ', 'Quarterly', '55.00', NULL, 2147483647, 90, '2022-06-25 05:13:14', '2022-06-25 05:13:14'),
(16, NULL, 69, 6, NULL, NULL, NULL, 'ch_3LFMc8FF6yglEvQF18iwvQPu', 'https://pay.stripe.com/receipts/acct_1KEflEFF6yglEvQF/ch_3LFMc8FF6yglEvQF18iwvQPu/rcpt_LxHAdRfvOMg2UvHtAfUdIxrYzdnHTdF', 'Half-Yearly', '100.00', NULL, 2147483647, 180, '2022-06-27 22:24:49', '2022-06-27 22:24:49'),
(17, NULL, 70, 7, NULL, NULL, NULL, 'ch_3LFMljFF6yglEvQF0AhVOAEK', 'https://pay.stripe.com/receipts/acct_1KEflEFF6yglEvQF/ch_3LFMljFF6yglEvQF0AhVOAEK/rcpt_LxHK26xhNjzmkVopWPT8MhMUJkMGWcU', 'Yearly', '199.00', NULL, 2147483647, 365, '2022-06-27 22:34:44', '2022-06-27 22:34:44'),
(19, NULL, 72, 7, NULL, NULL, NULL, 'ch_3LFNS0FF6yglEvQF0dsXeyip', 'https://pay.stripe.com/receipts/acct_1KEflEFF6yglEvQF/ch_3LFNS0FF6yglEvQF0dsXeyip/rcpt_LxI2rPunx3M4LVP0m5jDO9BjlzWNEtX', 'Yearly', '199.00', NULL, 2147483647, 365, '2022-06-27 23:18:25', '2022-06-27 23:18:25'),
(20, 'meta601091238', 74, 3, 'Through Meta', '0xabf757b4ddd545ae83450843ed0874909a1fe6715baa4f7ec4a0c2e1674a9a92', '0xE7e8Ee4b06D27E14195Fa316ef34F8c2fA993C80', NULL, NULL, 'Premium', '29.99', NULL, 2147483647, 30, '2022-07-05 18:10:11', '2022-07-05 18:10:11'),
(21, NULL, 73, 7, 'Through Stripe', NULL, NULL, 'ch_3LIHwOFF6yglEvQF1e5SLJ5z', 'https://pay.stripe.com/receipts/acct_1KEflEFF6yglEvQF/ch_3LIHwOFF6yglEvQF1e5SLJ5z/rcpt_M0IXW2CHuyLQr6ER9061qDW1FMBcfSm', 'Yearly', '199.00', NULL, 2147483647, 365, '2022-07-06 00:01:49', '2022-07-06 00:01:49'),
(23, '1657119092897006362', 73, 5, 'Through Stripe', NULL, NULL, 'ch_3LIZZhEE1bl5YY9C0kPtFv3f', 'https://pay.stripe.com/receipts/acct_1LI9HwEE1bl5YY9C/ch_3LIZZhEE1bl5YY9C0kPtFv3f/rcpt_M0al5sv69bcg0U3O9rDJzScohRnPFXE', 'Quarterly', '55.00', NULL, 2147483647, 90, '2022-07-06 18:51:34', '2022-07-06 18:51:34'),
(24, '1657119144368364613', 73, 4, 'Through Stripe', NULL, NULL, 'ch_3LIZaYEE1bl5YY9C1jB0UpLU', 'https://pay.stripe.com/receipts/acct_1LI9HwEE1bl5YY9C/ch_3LIZaYEE1bl5YY9C1jB0UpLU/rcpt_M0am5rI4BIVAITpq3v2Ul3w5DVq8p7r', 'Monthly ', '19.99', NULL, 2147483647, 30, '2022-07-06 18:52:27', '2022-07-06 18:52:27'),
(30, NULL, 92, 1, NULL, NULL, NULL, NULL, NULL, NULL, NULL, NULL, 1, 3, '2022-07-07 19:17:56', '2022-07-07 19:17:56'),
(50, NULL, 106, 1, NULL, NULL, NULL, NULL, NULL, NULL, NULL, NULL, 1, 3, '2022-08-09 22:29:10', '2022-08-09 22:29:10'),
(55, NULL, 153, 1, NULL, NULL, NULL, NULL, NULL, 'Yearly', '199.00', NULL, 2147483647, 365, '2022-09-16 20:16:46', '2022-09-16 20:16:46'),
(56, NULL, 166, 1, NULL, NULL, NULL, NULL, NULL, NULL, NULL, NULL, 1, 3, '2022-09-17 22:27:35', '2022-09-17 22:27:35'),
(57, NULL, 174, 1, NULL, NULL, NULL, NULL, NULL, NULL, NULL, NULL, 1, 3, '2022-09-20 22:53:59', '2022-09-20 22:53:59'),
(58, NULL, 178, 1, NULL, NULL, NULL, NULL, NULL, NULL, NULL, NULL, 1, 3, '2022-09-24 06:40:15', '2022-09-24 06:40:15'),
(59, NULL, 179, 1, NULL, NULL, NULL, NULL, NULL, NULL, NULL, NULL, 1, 3, '2022-09-25 00:09:38', '2022-09-25 00:09:38'),
(60, NULL, 185, 1, NULL, NULL, NULL, NULL, NULL, NULL, NULL, NULL, 1, 3, '2022-09-27 04:24:40', '2022-09-27 04:24:40'),
(61, NULL, 188, 1, NULL, NULL, NULL, NULL, NULL, NULL, NULL, NULL, 1, 3, '2022-09-27 04:31:01', '2022-09-27 04:31:01'),
(62, NULL, 189, 1, NULL, NULL, NULL, NULL, NULL, NULL, NULL, NULL, 1, 3, '2022-09-27 04:58:32', '2022-09-27 04:58:32'),
(63, NULL, 200, 1, NULL, NULL, NULL, NULL, NULL, NULL, NULL, NULL, 1, 3, '2022-09-27 05:35:30', '2022-09-27 05:35:30'),
(64, NULL, 201, 1, NULL, NULL, NULL, NULL, NULL, NULL, NULL, NULL, 1, 3, '2022-09-27 05:41:22', '2022-09-27 05:41:22'),
(65, NULL, 208, 1, NULL, NULL, NULL, NULL, NULL, NULL, NULL, NULL, 1, 3, '2022-09-27 06:45:26', '2022-09-27 06:45:26'),
(66, NULL, 207, 1, NULL, NULL, NULL, NULL, NULL, NULL, NULL, NULL, 1, 3, '2022-09-27 08:37:11', '2022-09-27 08:37:11'),
(67, NULL, 213, 1, NULL, NULL, NULL, NULL, NULL, NULL, NULL, NULL, 1, 3, '2022-09-27 20:53:50', '2022-09-27 20:53:50'),
(68, NULL, 223, 1, NULL, NULL, NULL, NULL, NULL, NULL, NULL, NULL, 1, 3, '2022-09-27 20:57:29', '2022-09-27 20:57:29'),
(69, NULL, 204, 1, NULL, NULL, NULL, NULL, NULL, NULL, NULL, NULL, 1, 3, '2022-09-28 03:56:11', '2022-09-28 03:56:11'),
(70, NULL, 228, 1, NULL, NULL, NULL, NULL, NULL, NULL, NULL, NULL, 1, 3, '2022-09-28 06:47:57', '2022-09-28 06:47:57'),
(71, NULL, 230, 1, NULL, NULL, NULL, NULL, NULL, NULL, NULL, NULL, 1, 3, '2022-09-28 15:31:49', '2022-09-28 15:31:49'),
(72, NULL, 232, 1, NULL, NULL, NULL, NULL, NULL, NULL, NULL, NULL, 1, 3, '2022-09-28 22:05:58', '2022-09-28 22:05:58');

-- --------------------------------------------------------

--
-- Table structure for table `packages`
--

CREATE TABLE `packages` (
  `id` int(11) NOT NULL,
  `user_id` int(11) DEFAULT NULL,
  `title` varchar(255) DEFAULT NULL,
  `description` text,
  `price` int(11) NOT NULL,
  `activity` int(11) NOT NULL COMMENT 'favored scenery table',
  `activity_2` longtext CHARACTER SET utf8mb4 COLLATE utf8mb4_bin COMMENT 'main activity table',
  `from_date` date DEFAULT NULL,
  `end_date` date DEFAULT NULL,
  `is_taken` int(11) DEFAULT NULL COMMENT '0 = unavailable,\r\n1 = available',
  `country_id` int(11) DEFAULT NULL,
  `status` int(11) NOT NULL COMMENT '0 = active, 1 = inactive, 2 = deleted',
  `created_at` timestamp NULL DEFAULT CURRENT_TIMESTAMP,
  `updated_at` timestamp NULL DEFAULT CURRENT_TIMESTAMP
) ENGINE=InnoDB DEFAULT CHARSET=utf8mb4;

--
-- Dumping data for table `packages`
--

INSERT INTO `packages` (`id`, `user_id`, `title`, `description`, `price`, `activity`, `activity_2`, `from_date`, `end_date`, `is_taken`, `country_id`, `status`, `created_at`, `updated_at`) VALUES
(1, 1, 'The Berkshires and White Mountains National Park Experience (Self Drive)', 'Excepturi natus duis', 1, 2, '[\"1\"]', '2022-10-01', '2022-10-30', 1, 233, 0, '2022-04-01 04:20:52', '2022-06-14 01:44:50'),
(2, 1, 'Chicago and Indiana Dunes State Park (Self Drive)', 'Quidem nostrum sunt', 153, 2, NULL, '2022-09-01', '2022-09-30', NULL, 233, 0, '2022-04-01 04:21:54', '2022-06-14 01:46:55'),
(3, 1, 'Hawaii Big Island (Kona) - Oahu and Kauai (Self Drive)', 'Nulla dolores quia n', 53, 2, NULL, '2022-09-01', '2022-09-30', NULL, 233, 0, '2022-04-01 05:27:09', '2022-06-14 01:47:51'),
(4, 1, 'Charming towns of New England (Self Drive)', 'Debitis aliqua Erro', 297, 2, NULL, '2022-09-01', '2022-09-30', NULL, 233, 0, '2022-04-01 05:35:06', '2022-06-14 01:49:13'),
(5, 1, 'St. Augustine Getaway (Self Drive)', 'Sed omnis ipsum elig', 637, 2, NULL, '2022-09-01', '2022-09-30', NULL, 233, 0, '2022-04-01 05:35:49', '2022-06-14 01:50:53'),
(6, 1, 'San Francisco - Napa Valley - Lake Tahoe (Self Drive)', 'dummy', 600, 2, NULL, '2022-09-01', '2022-09-30', NULL, 233, 1, '2022-04-04 23:41:15', '2022-06-14 01:51:45'),
(7, 1, 'Sonoma Valley - Napa Valley - Mendocino (Self Drive)', 'Tempor quis rerum di', 908, 2, NULL, '1973-09-10', '1972-06-09', NULL, 84, 2, '2022-04-05 00:50:38', '2022-04-05 00:51:25'),
(8, 1, 'AFGHANISTAN VACATION, THE WAKHAN CORRIDOR', 'description', 900, 2, NULL, '2022-05-19', '2022-02-01', NULL, 4, 2, '2022-04-05 00:53:14', '2022-04-05 00:55:51'),
(9, 63, 'Charming Towns of the Loire Valley (Self Drive)', 'changes', 353, 6, NULL, '2022-08-01', '2022-08-05', NULL, 75, 0, '2022-06-25 02:43:45', '2022-06-25 02:43:45'),
(10, 63, 'Paris - Reims - Beaune - Lyon - Toulouse - Bordeaux by Train', 'I love travelling and I love languages, so imagine my excitement when I came across a treasure trove of travel words and wanderlust synonyms that describe how we feel before, during, and after we travel. ', 182, 7, NULL, '2022-08-01', '2022-08-05', NULL, 75, 0, '2022-06-25 02:44:23', '2022-06-25 02:44:23'),
(11, 63, 'Legendary France (Self Drive)', 'Disneyland Paris is France\'s and Europe\'s most popular theme park, ', 983, 4, NULL, '2022-08-01', '2022-08-05', NULL, 75, 0, '2022-06-25 02:45:17', '2022-06-25 02:45:17'),
(12, 63, 'Around the Adriatic Sea', 'The origin of the word \"travel\" is most likely lost to history.', 605, 11, NULL, '2022-08-01', '2022-08-05', NULL, 75, 0, '2022-06-25 02:45:56', '2022-06-25 02:45:56'),
(13, 64, 'Barcelona - Cordoba - Seville - Madrid by Train', 'For the traveler, Spain means many things: bullfights, massive cathedrals, world-class art, Muslim palaces, whitewashed villages, delicious paella, sunny beaches, and lively nightlife. You\'ll find all those things, but the country\'s charm really lies in its people and their unique lifestyle.', 311, 11, NULL, '2022-08-01', '2022-08-05', NULL, 205, 0, '2022-06-25 02:53:15', '2022-06-25 02:53:15'),
(14, 64, 'Spanish Delights (Self Drive)', 'For the traveler, Spain means many things: bullfights, massive cathedrals, world-class art, Muslim palaces, whitewashed villages, delicious paella, sunny beaches, and lively nightlife. You\'ll find all those things, but the country\'s charm really lies in its people and their unique lifestyle.', 34, 7, NULL, '2022-08-01', '2022-08-05', NULL, 205, 0, '2022-06-25 02:54:56', '2022-06-25 02:54:56'),
(15, 64, 'Madrid and the Heart of Spain (Self Drive)', 'For the traveler, Spain means many things: bullfights, massive cathedrals, world-class art, Muslim palaces, whitewashed villages, delicious paella, sunny beaches, and lively nightlife. You\'ll find all those things, but the country\'s charm really lies in its people and their unique lifestyle.', 667, 3, NULL, '2022-08-01', '2022-08-05', NULL, 205, 0, '2022-06-25 02:55:34', '2022-06-25 02:55:34'),
(16, 64, 'Santiago de Compostela and Madrid by Air', 'Some might say that Spain is the festival capital of the world, there are so many here that its hard to keep track of them all.', 519, 3, NULL, '2022-08-01', '2022-08-05', NULL, 205, 0, '2022-06-25 02:56:21', '2022-06-25 02:56:21'),
(17, 65, 'Denver - Winter Park - Grand County with Rocky Mountain Natl. Park (Self Drive)', 'Welcome to the USA! Here you will find lots of great information and tips on visiting the USA. Weve done the research for you so you can just enjoy your trip. Being prepared early and knowing what to expect will help you ease into the USA way of life.', 720, 12, NULL, '2022-08-01', '2022-08-05', NULL, 233, 0, '2022-06-25 03:13:01', '2022-06-25 03:13:01'),
(18, 65, 'Historic Virginia (Self Drive)', 'The Big Apple. The City that Never Sleeps. The Empire State. It doesn\'t matter what you call it, New York\'s charm and charisma is undeniable.', 463, 2, NULL, '2022-08-01', '2022-08-05', NULL, 233, 0, '2022-06-25 03:13:35', '2022-06-25 03:13:35'),
(19, 65, 'San Francisco - Napa Valley - Yosemite National Park - Monterey (Self Drive)', 'The highest number of non-immigrant admissions for tourists and for business purposes into the United States', 30, 12, NULL, '2022-08-01', '2022-08-05', NULL, 233, 0, '2022-06-25 03:14:14', '2022-06-25 03:14:14'),
(20, 65, 'Alaska Kenai & Denali Adventure', 'Tourism in the United States grew rapidly in the form of urban tourism during the late nineteenth and early twentieth centuries.', 739, 7, NULL, '2022-08-01', '2022-08-05', NULL, 233, 0, '2022-06-25 03:14:47', '2022-06-25 03:14:47'),
(21, 66, 'Beijing - Xian - Guilin - Shanghai by Air', 'The categories are awarded based on, amongst other factors, the importance of the site, transportation, tours as well as issues related to safety and sanitation', 210, 7, NULL, '2022-08-01', '2022-08-05', NULL, 47, 0, '2022-06-25 04:37:23', '2022-06-25 04:37:23'),
(22, 67, 'The Black Forest Route', 'Denmark has long stretches of sandy beaches, attracting many tourists in the summer, with Germany', 826, 7, NULL, '2022-08-01', '2022-08-05', NULL, 83, 0, '2022-06-25 05:03:34', '2022-06-25 05:03:34'),
(23, 67, 'Stuttgart - Baden Baden - Freiburg - Munich by Train', 'The cities of Aalborg, in the north, and Aarhus, in the east, attract a considerable number of visitors,', 688, 3, NULL, '2022-08-01', '2022-08-05', NULL, 83, 0, '2022-06-25 05:04:08', '2022-06-25 05:04:08'),
(24, 67, 'Golden Temple Residence', 'Tourism in Cambodia is one of the most important sectors in Cambodia\'s economy. In 2013, tourism arrivals increased by 17.5 percent year on year,', 669, 8, NULL, '2022-08-01', '2022-08-05', NULL, 39, 0, '2022-06-25 05:04:38', '2022-06-25 05:04:38'),
(25, 67, 'German Alpine Road (Self Drive)', 'Outside of the towns and cities there are often bicycle tracks parallel to,', 568, 12, NULL, '2022-08-01', '2022-08-05', NULL, 83, 0, '2022-06-25 05:05:36', '2022-06-25 05:05:36'),
(26, 67, 'Romantic Germany (Frankfurt to Munich Self Drive)', 'Denmark has a good national railway network.', 362, 3, NULL, '2022-08-01', '2022-08-05', NULL, 83, 0, '2022-06-25 05:06:19', '2022-06-25 05:06:19'),
(27, 69, 'Marival Distinct Luxury Residences All Inclusive', 'Mexico has traditionally been among the most visited countries in the world according to the World Tourism Organization,', 333, 7, NULL, '2022-08-01', '2022-08-05', NULL, 145, 0, '2022-06-27 22:25:33', '2022-06-27 22:25:33'),
(28, 69, 'Villa La Estancia Beach Resort & Spa Riviera Nayarit - All Inclusive', 'The majority of tourists come to Mexico from the United States and Canada. Other visitors come from other Latin American countries', 484, 9, NULL, '2022-08-01', '2022-08-05', NULL, 145, 0, '2022-06-27 22:26:17', '2022-06-27 22:26:17'),
(29, 69, 'Dreams Bahia Mita Surf & Spa - All Inclusive', 'Tourism in Mexico developed following the establishment of the Mexican republic, with writings by Alexander von Humboldt, Frannie Caldern de la Barca, ', 517, 2, NULL, '2022-08-01', '2022-08-05', NULL, 145, 0, '2022-06-27 22:27:53', '2022-06-27 22:27:53'),
(30, 69, 'Crown Paradise Golden Puerto Vallarta All Inclusive', 'Beaches don\'t get much more idyllic than in Mexico. With more than 6,000 miles of pristine coastline, there are up to 450 sandy stretches of paradise to visit.', 629, 11, NULL, '2022-08-01', '2022-08-05', NULL, 145, 0, '2022-06-27 22:28:42', '2022-06-27 22:28:42'),
(31, 69, 'Buenaventura Grand Hotel & Great Moments - All Inclusive', 'It goes without saying that Mexican food is downright delicious. If you don\'t agree, it\'s a safe bet that a trip to Mexico City will change your mind', 932, 10, NULL, '2022-08-01', '2022-08-05', NULL, 145, 0, '2022-06-27 22:29:33', '2022-06-27 22:29:33'),
(32, 70, 'Bangkok - Chiang Rai - Chiang Mai - Phuket', 'In order to reignite growth in Thailand\'s tourist industry, the Tourism Authority of Thailand (TAT) has embarked on a new campaign for 2015 entitled \"2015: Discover Thainess\"', 851, 7, NULL, '2022-08-01', '2022-08-05', NULL, 219, 0, '2022-06-27 22:35:42', '2022-06-27 22:35:42'),
(33, 70, 'Bangkok - Chiang Mai - Phuket - Phi Phi Islands', 'Thailand\'s climate is influenced by monsoon winds that have a seasonal character', 985, 5, NULL, '2022-08-01', '2022-08-05', NULL, 219, 0, '2022-06-27 22:36:37', '2022-06-27 22:36:37'),
(34, 70, 'Singapore - Chiang Mai - Phuket by Air', 'Thailand was the most visited country in Southeast Asia in 2013, according to the World Tourism Organisation.', 532, 2, NULL, '2022-08-01', '2022-08-05', NULL, 219, 0, '2022-06-27 22:37:11', '2022-06-27 22:37:11'),
(35, 70, 'Bangkok and Chiang Mai by Air', 'The State Railway of Thailand (SRT) operates all of Thailand\'s national rail lines. Bangkok Railway Station (Hua Lamphong Station) is the main terminus of all routes', 505, 1, NULL, '2022-08-01', '2022-08-05', NULL, 219, 0, '2022-06-27 22:37:59', '2022-06-27 22:37:59'),
(38, 66, 'Vienna - Linz - Salzburg by Train', 'Sit facilis aliqua', 897, 11, NULL, '2022-06-28', '2022-06-29', NULL, 17, 2, '2022-06-27 22:54:01', '2022-06-27 22:54:20'),
(41, 72, 'London - Bath - The Cotswolds (Self Drive)', 'Ireland\'s national flag carrier is Aer Lingus, which services Europe, North America and North Africa, but the vast majority of flights originating from continental Europe come from another Irish company', 265, 5, NULL, '2022-08-01', '2022-08-05', NULL, 232, 0, '2022-06-27 23:32:08', '2022-06-27 23:32:08'),
(42, 72, 'UNESCO World Heritage Sites Around London', 'The largest city in the Ireland is Dublin. Due to its proximity to Britain, it was the most important city in Ireland during the Tudor conquest of Ireland and subsequent British Invasions ', 100, 12, NULL, '2022-10-01', '2022-10-05', NULL, 232, 0, '2022-06-27 23:32:44', '2022-06-27 23:32:44'),
(43, 72, 'London - Stratford upon Avon - York - Windemere - Manchester (Self Drive)', 'Waterford is a city in the South-East region of Ireland. It is the smallest city in the country,', 305, 11, NULL, '2022-08-01', '2022-08-05', NULL, 232, 0, '2022-06-27 23:33:38', '2022-06-27 23:33:38'),
(44, 66, 'Beijing - Xian - Guilin - Shanghai by Air', 'Tourist resources in China can be divided into three main groups: natural sites, historical and cultural sites, and folk customs', 569, 7, NULL, '2022-08-01', '2022-08-05', NULL, 47, 0, '2022-06-27 23:36:27', '2022-06-27 23:36:27'),
(45, 66, 'Beijing - Xi An - Chengdu - Hong Kong by Air', 'Mount Tai (Tai Shan) in the east, Mount Hengshan in the south, Mount Hua in the west, Mount Hengshan in the north,', 538, 7, NULL, '2022-08-01', '2022-08-05', NULL, 47, 0, '2022-06-27 23:37:05', '2022-06-27 23:37:05'),
(46, 68, 'Rome - Florence - Southern Tuscany and Venice', 'Regarding the national road network, in 2002 there were 668,721 km (415,524 mi) of serviceable roads in Italy', 335, 6, NULL, '2022-08-01', '2022-08-05', NULL, 109, 0, '2022-06-27 23:43:20', '2022-06-27 23:43:20'),
(47, 68, 'Florence - Chianti Wine Region and Amalfi', 'The Italian Peninsula, named Italia, was consolidated into a single entity during the Roman expansion and conquest of new lands at the expense of the other Italic tribes,', 150, 11, NULL, '2022-08-01', '2022-08-05', NULL, 109, 0, '2022-06-27 23:43:52', '2022-06-27 23:43:52'),
(48, 68, 'Rome - Florence and the Chianti Wine Region', 'The peaks of tourist flows in Italy are recorded in winter, due to the Christmas and New Year\'s Day holidays', 628, 7, NULL, '2022-08-01', '2022-08-05', NULL, 109, 0, '2022-06-27 23:44:58', '2022-06-27 23:44:58'),
(66, 153, 'Christmas package', 'Whether your traveling with family or traveling to reunite with them, it\'s always worth while to try to save money on the journey. We have Christmas flight, package, and hotel deals that will help make that happen. Check out our Christmas vacation packages above for the best prices on Expedia. Use the filters to find your destination. If you can\'t find dates that suit your schedule, use the wizard at the top of this page to browse our inventory. Not traveling for Christmas? Bookmark our New Year\'s Eve deals page--it\'s never a bad idea to splurge on a good time.', 599, 2, NULL, '2022-10-10', '2022-10-31', NULL, 4, 0, '2022-09-20 17:07:06', '2022-09-20 17:07:06'),
(67, 153, 'Tour De Turkey', 'Visit Antalya, Perge, Aspendos, and Side with ease on this 4-day guided tour with a round-trip airport transfer. Explore the city with you guide and take a boat trip to the Duden Waterfalls. Go to the ancient city of Perge, a Roman archaeological site with an amphitheater and city walls. At the Theater of Aspendos, admire the well-preserved architecture. Stroll past the Temple of Apollo at the ruins of Side. Enjoy a dip at Kursunlu Waterfalls Natural Park', 197, 1, '[\"20\",\"6\",\"9\"]', '2022-10-10', '2022-10-30', NULL, 4, 0, '2022-09-23 17:23:27', '2022-09-23 17:23:27');

-- --------------------------------------------------------

--
-- Table structure for table `package_requests`
--

CREATE TABLE `package_requests` (
  `id` int(11) NOT NULL,
  `username` varchar(255) NOT NULL,
  `email` varchar(255) NOT NULL,
  `user_id` int(11) DEFAULT NULL,
  `country_id` int(11) NOT NULL,
  `start_date` date NOT NULL,
  `end_date` date NOT NULL,
  `no_of_person` int(11) NOT NULL,
  `starting_point` varchar(255) NOT NULL,
  `destination` varchar(255) NOT NULL,
  `comment` varchar(255) NOT NULL,
  `status` int(11) NOT NULL DEFAULT '0',
  `updated_at` timestamp NOT NULL DEFAULT CURRENT_TIMESTAMP,
  `created_at` timestamp NOT NULL DEFAULT CURRENT_TIMESTAMP
) ENGINE=InnoDB DEFAULT CHARSET=utf8mb4;

--
-- Dumping data for table `package_requests`
--

INSERT INTO `package_requests` (`id`, `username`, `email`, `user_id`, `country_id`, `start_date`, `end_date`, `no_of_person`, `starting_point`, `destination`, `comment`, `status`, `updated_at`, `created_at`) VALUES
(8, 'test', 'Test@test.com', 1, 16, '2022-05-16', '2022-05-20', 5, 'Australia', 'Australia', 'testes', 0, '2022-05-12 22:49:46', '2022-05-12 22:49:46'),
(9, 'tocebe4857', 'tocebe4857@gmail.com', NULL, 232, '2022-08-01', '2022-08-31', 4, 'san diego', 'all cities', 'Please update me', 0, '2022-07-12 16:43:03', '2022-07-12 16:43:03'),
(10, 'hihyt', 'cirywe@mailinator.com', NULL, 5, '2022-07-13', '2022-07-14', 98, '01-Nov-1971', '31-Jan-1980', 'puricy@mailinator.com', 0, '2022-07-12 16:53:33', '2022-07-12 16:53:33'),
(11, 'Vacationer', 'vacationer@gmail.com', 3, 232, '2022-07-13', '2022-07-30', 4, 'san diego', 'city 1 , city2, city3', 'Please update me', 0, '2022-07-12 18:08:07', '2022-07-12 18:08:07'),
(12, 'Siphosakhe McDonald', 'foxneighbourmtima@gmail.com', NULL, 203, '2022-09-10', '2022-09-11', 2, 'Johannesburg O. R Tambo international', 'Zanzibar', 'Would like to know more about the package', 0, '2022-09-09 20:40:15', '2022-09-09 20:40:15');

-- --------------------------------------------------------

--
-- Table structure for table `personal_access_tokens`
--

CREATE TABLE `personal_access_tokens` (
  `id` int(11) NOT NULL,
  `tokenable_type` varchar(255) COLLATE utf8mb4_unicode_ci NOT NULL,
  `tokenable_id` bigint(20) UNSIGNED NOT NULL,
  `name` varchar(255) COLLATE utf8mb4_unicode_ci NOT NULL,
  `token` varchar(64) COLLATE utf8mb4_unicode_ci NOT NULL,
  `abilities` text COLLATE utf8mb4_unicode_ci,
  `last_used_at` timestamp NULL DEFAULT NULL,
  `created_at` timestamp NULL DEFAULT NULL,
  `updated_at` timestamp NULL DEFAULT NULL
) ENGINE=InnoDB DEFAULT CHARSET=utf8mb4 COLLATE=utf8mb4_unicode_ci;

--
-- Dumping data for table `personal_access_tokens`
--

INSERT INTO `personal_access_tokens` (`id`, `tokenable_type`, `tokenable_id`, `name`, `token`, `abilities`, `last_used_at`, `created_at`, `updated_at`) VALUES
(8, 'App\\Models\\User', 4, 'auth_token', 'fa152fff48c0a86d40ccb2a55ada0510a8e53afee9babb3fbbcb94aa59324b07', '[\"*\"]', NULL, '2022-06-15 23:31:59', '2022-06-15 23:31:59'),
(9, 'App\\Models\\User', 4, 'auth_token', 'd02fbbc97e16f1e1918f16f70892fe200b5d4b28c4e2444f81db736bb9660f72', '[\"*\"]', NULL, '2022-06-15 23:46:10', '2022-06-15 23:46:10'),
(10, 'App\\Models\\User', 4, 'auth_token', '2335a40e8ecc14db76f8c37d01bf268d8a6882d86725553ba3b3c50b62775f27', '[\"*\"]', NULL, '2022-06-15 23:46:25', '2022-06-15 23:46:25'),
(59, 'App\\Models\\User', 30, 'auth_token', '25c4dfd898e1f33164916a80c5cf9a5dc29585f00692e0b420c36481d7f188ef', '[\"*\"]', '2022-07-04 16:27:25', '2022-06-16 17:59:00', '2022-07-04 16:27:25'),
(80, 'App\\Models\\User', 27, 'auth_token', '82fd08d0df52217b28e0383aba64252926e9110abc8ed67e3b9407b9809da007', '[\"*\"]', '2022-06-17 11:45:32', '2022-06-17 11:45:22', '2022-06-17 11:45:32'),
(84, 'App\\Models\\User', 27, 'auth_token', '08751dd21e6c74d94092a37b75038efcee4483cd47bebdf16b4bae115da3d3ad', '[\"*\"]', '2022-06-20 16:02:31', '2022-06-17 14:57:28', '2022-06-20 16:02:31'),
(90, 'App\\Models\\User', 27, 'auth_token', 'd1dff37b88e3bc4c413d6eac2ba7a20f5e7dd89fa8dba0fbf420a28325c9ddff', '[\"*\"]', '2022-06-17 18:20:33', '2022-06-17 18:09:56', '2022-06-17 18:20:33'),
(91, 'App\\Models\\User', 27, 'auth_token', '362c1d452dff46ff4b37128c3b31c3e9dc9dcf1177db9380337dc07bfc0fb7c7', '[\"*\"]', '2022-06-23 14:13:41', '2022-06-17 21:47:37', '2022-06-23 14:13:41'),
(98, 'App\\Models\\User', 27, 'auth_token', 'bd28a63cdb6f0b4600c7d1bc4297cdacd4c76847335547fb2c1c65eedec7c20c', '[\"*\"]', NULL, '2022-06-20 19:10:16', '2022-06-20 19:10:16'),
(99, 'App\\Models\\User', 27, 'auth_token', 'b848e0e46ffbdd2767b5fb1a5aba00f53a9f65a53b62bbabf39e0fb22ee20b80', '[\"*\"]', '2022-06-20 19:19:48', '2022-06-20 19:11:28', '2022-06-20 19:19:48'),
(100, 'App\\Models\\User', 27, 'auth_token', '3d2c3c5ef84d643f960fb861d1e790f88a9f6a0aec47bfbc4205105b96e10458', '[\"*\"]', '2022-06-20 19:35:45', '2022-06-20 19:26:23', '2022-06-20 19:35:45'),
(101, 'App\\Models\\User', 27, 'auth_token', '9623e2757c1e3460b5718a9d9c6821f679824b48905bc112b4bacf5a1c2c298c', '[\"*\"]', '2022-06-23 17:41:40', '2022-06-21 20:07:14', '2022-06-23 17:41:40'),
(110, 'App\\Models\\User', 27, 'auth_token', '2a69aed0f6419ff9b5599ef30830a1c1b80e062f17d9c1915f1f728fd00b1a96', '[\"*\"]', '2022-06-23 19:09:20', '2022-06-23 15:21:33', '2022-06-23 19:09:20'),
(140, 'App\\Models\\User', 2, 'auth_token', 'c333dc09870d91a6358e621cc45f081293cff974c6df51b525d744430a0985ea', '[\"*\"]', '2022-07-05 16:28:46', '2022-07-04 17:23:09', '2022-07-05 16:28:46'),
(147, 'App\\Models\\User', 74, 'auth_token', '3607a87966dcac68c9611cc9e865912b3c988097bbe2e6f4e74de4925827be5d', '[\"*\"]', '2022-07-05 18:26:42', '2022-07-05 18:25:04', '2022-07-05 18:26:42'),
(149, 'App\\Models\\User', 73, 'auth_token', '3288ac41632303ca051ab7bca3fb2f125b35186d3a380300f6e48da6b72b690f', '[\"*\"]', NULL, '2022-07-05 22:36:43', '2022-07-05 22:36:43'),
(170, 'App\\Models\\User', 97, 'auth_token', 'a32c5af0a594ca2229159a3861a6591a8d63cd71f8e96cf85ba75236d2225d36', '[\"*\"]', NULL, '2022-07-08 17:45:53', '2022-07-08 17:45:53'),
(206, 'App\\Models\\User', 3, 'auth_token', 'af39e1a1b27d03ec637b0cb63aac1094d5c42bb5d6db53857be944a6682a0612', '[\"*\"]', NULL, '2022-07-12 21:21:53', '2022-07-12 21:21:53'),
(207, 'App\\Models\\User', 3, 'auth_token', 'e15535035b299c5067d62757fca23dc39df7f82d3736b9a6898e172a8d8e7c9b', '[\"*\"]', NULL, '2022-07-12 21:23:22', '2022-07-12 21:23:22'),
(208, 'App\\Models\\User', 3, 'auth_token', '13aa68af8396ed9cc7336d44e2bba2ae4b3583d77ac142554df0e008c1ae1e4b', '[\"*\"]', NULL, '2022-07-12 21:27:01', '2022-07-12 21:27:01'),
(209, 'App\\Models\\User', 103, 'auth_token', '2c88195e332ececb36efc7701769e9fe7d09e45001aeb2f22482c687b1c3ba83', '[\"*\"]', NULL, '2022-07-12 21:28:36', '2022-07-12 21:28:36'),
(210, 'App\\Models\\User', 103, 'auth_token', '10a4e88b2b9054fbaed8ac7329c8c34da830799c7fbbc35b002ff00791446dee', '[\"*\"]', '2022-07-12 21:31:35', '2022-07-12 21:30:25', '2022-07-12 21:31:35'),
(223, 'App\\Models\\User', 98, 'auth_token', 'cfad9cbbd5bf2284944bdb8b5d237f2e4e32d15cd373b2d79ef49705b3296946', '[\"*\"]', '2022-07-13 16:11:22', '2022-07-13 15:32:40', '2022-07-13 16:11:22'),
(225, 'App\\Models\\User', 98, 'auth_token', '4c6454895e1bfb084f19cf580528003ee43527ca127c91fde2a86d16f0bde050', '[\"*\"]', '2022-07-13 19:15:49', '2022-07-13 15:55:08', '2022-07-13 19:15:49'),
(229, 'App\\Models\\User', 98, 'auth_token', '9c3afb3409adc5d57e9847598aa8733486ccf211819e2c602b3923533f826adc', '[\"*\"]', '2022-07-13 19:14:42', '2022-07-13 18:07:05', '2022-07-13 19:14:42'),
(231, 'App\\Models\\User', 43, 'auth_token', 'e6bcf803555a9789ea9c4d92e75c1d9461fe1cc32c38a4122b7c8a357ece5232', '[\"*\"]', '2022-07-13 23:14:46', '2022-07-13 18:27:28', '2022-07-13 23:14:46'),
(232, 'App\\Models\\User', 98, 'auth_token', '6cc6f8127df2578daf0a60addcf7e72a5383710ba1e43af95510a256b3acc4f2', '[\"*\"]', '2022-07-13 19:15:00', '2022-07-13 19:00:10', '2022-07-13 19:15:00'),
(233, 'App\\Models\\User', 89, 'auth_token', '43670debbdfd9eec7edce4d5a0b6caee98d0ce4e4264386fc3d4ad21c9b6da68', '[\"*\"]', '2022-07-13 22:30:56', '2022-07-13 19:05:28', '2022-07-13 22:30:56'),
(234, 'App\\Models\\User', 44, 'auth_token', '527d3174ba0b20b104f7b6f839c620313d6511ba522ff5a82ab8a7df89205087', '[\"*\"]', '2022-07-13 21:07:19', '2022-07-13 20:17:35', '2022-07-13 21:07:19'),
(235, 'App\\Models\\User', 44, 'auth_token', '241a253821f286241b3e328990be1fc563e734e0fb664e4b3a48692ce450e741', '[\"*\"]', '2022-07-13 22:39:03', '2022-07-13 22:07:40', '2022-07-13 22:39:03'),
(236, 'App\\Models\\User', 43, 'auth_token', '351d1f61e35ee5f2364f6ce9ef5d7ea2b4f885e332fd29cd8b610c4996adbc5c', '[\"*\"]', NULL, '2022-07-14 16:09:24', '2022-07-14 16:09:24'),
(237, 'App\\Models\\User', 43, 'auth_token', '83873e90f27dafc9ec88c0e1acff8c5b6d3b6437fa3a05f9f9b5622aac53dbb7', '[\"*\"]', NULL, '2022-07-14 16:15:36', '2022-07-14 16:15:36'),
(238, 'App\\Models\\User', 43, 'auth_token', '80a71e68db4223ca4c4531bd5e9048f5a1704b4cf20fff4c2f1a6cbcf0b9f3d4', '[\"*\"]', NULL, '2022-07-14 16:18:45', '2022-07-14 16:18:45'),
(239, 'App\\Models\\User', 43, 'auth_token', 'a38eb3dfd9e664c27cdee46064f9c113b13f0aaa386a104ff2f4c74e87a07f28', '[\"*\"]', NULL, '2022-07-14 16:54:16', '2022-07-14 16:54:16'),
(240, 'App\\Models\\User', 43, 'auth_token', '0a8885e02627724363033756cb9bc1940f905bfc3281d42d54b0741f785c78e4', '[\"*\"]', NULL, '2022-07-14 16:59:22', '2022-07-14 16:59:22'),
(241, 'App\\Models\\User', 98, 'auth_token', '1485a07ad4d7686f4b494f4d973d6dc933f01f8fd107d5ee60c43f5eae665d23', '[\"*\"]', NULL, '2022-07-14 18:08:58', '2022-07-14 18:08:58'),
(242, 'App\\Models\\User', 98, 'auth_token', 'b6dda1074887793f3fe522075f2392c2aea5e43c6700a456f79926187bbb62a9', '[\"*\"]', NULL, '2022-07-14 18:09:23', '2022-07-14 18:09:23'),
(243, 'App\\Models\\User', 98, 'auth_token', '22a5fb550a33a80dc6beeb819a919a7af76343dc74a08dbc04e7178edfb83562', '[\"*\"]', NULL, '2022-07-14 18:11:08', '2022-07-14 18:11:08'),
(244, 'App\\Models\\User', 98, 'auth_token', 'f6e894bc1622f1f956562ce5dde2301b641ddb90bb251453503caa30e4ab485d', '[\"*\"]', NULL, '2022-07-14 18:11:52', '2022-07-14 18:11:52'),
(245, 'App\\Models\\User', 43, 'auth_token', '6c738c615640431e5aed22867f87e33f651fdbfa9d8ba944fb2b4fd1fed2cff8', '[\"*\"]', NULL, '2022-07-14 18:28:05', '2022-07-14 18:28:05'),
(246, 'App\\Models\\User', 3, 'auth_token', 'b1e20e108036924aff3ee474df940386aa07b4bea99b30861373a20902a9ac2f', '[\"*\"]', NULL, '2022-07-14 19:15:18', '2022-07-14 19:15:18'),
(247, 'App\\Models\\User', 89, 'auth_token', 'e6e86cfbfa94ad76fd5847c8de1c69c7e36adf2c1b1c872d29ad3ccf836c4495', '[\"*\"]', NULL, '2022-07-14 19:43:15', '2022-07-14 19:43:15'),
(248, 'App\\Models\\User', 89, 'auth_token', '5c05dd587fab0599d2ce4c6fe57344e13577199b155e3ee5bfd15d6ce3eb83d1', '[\"*\"]', NULL, '2022-07-14 19:56:02', '2022-07-14 19:56:02'),
(249, 'App\\Models\\User', 89, 'auth_token', 'f1cc1d930690bc0eb080dc6a9c79c9478ad10e199f95e37008fa044d79ecdd82', '[\"*\"]', NULL, '2022-07-14 20:03:13', '2022-07-14 20:03:13'),
(250, 'App\\Models\\User', 89, 'auth_token', '3d2ae14c299e50d7c37a67968561ad91b898252201e7263907d287fee1589cb3', '[\"*\"]', NULL, '2022-07-14 21:39:14', '2022-07-14 21:39:14'),
(251, 'App\\Models\\User', 102, 'auth_token', 'fb8332f2cbf212cd47d0f7f25058fb960c5eee0ef4e29ff919d935f54fddf1f9', '[\"*\"]', NULL, '2022-07-15 14:40:12', '2022-07-15 14:40:12'),
(252, 'App\\Models\\User', 44, 'auth_token', 'b4ade2059532520e3772965d041383ba30dcddee9e0d2db36d11fbbb13c9a1e3', '[\"*\"]', NULL, '2022-07-15 14:42:11', '2022-07-15 14:42:11'),
(253, 'App\\Models\\User', 89, 'auth_token', '132007d13e6b4debdbfd5d0efc3a0470d0d22eb821ab53708891eb5b9f685b48', '[\"*\"]', NULL, '2022-07-15 14:44:18', '2022-07-15 14:44:18'),
(254, 'App\\Models\\User', 43, 'auth_token', 'c18463d23ea21c4e572719da9638fb0cf9a1614c0fe79c302f1c9ab80e25b891', '[\"*\"]', NULL, '2022-07-15 17:52:43', '2022-07-15 17:52:43'),
(255, 'App\\Models\\User', 43, 'auth_token', '064a97ee6468ee314868a117812022c863526870ce49be5c6c465ac66336de4a', '[\"*\"]', NULL, '2022-07-15 17:53:57', '2022-07-15 17:53:57'),
(256, 'App\\Models\\User', 102, 'auth_token', '5a9617d60bd9f275a2266eb8f0b808ea4bf5e8450a62d85331795da0e0216361', '[\"*\"]', NULL, '2022-07-15 17:55:11', '2022-07-15 17:55:11'),
(257, 'App\\Models\\User', 43, 'auth_token', 'f58ca8e963904473b4aef66901f519e65d00511a8a5d445c6fe361fde1292c0d', '[\"*\"]', NULL, '2022-07-15 18:15:50', '2022-07-15 18:15:50'),
(258, 'App\\Models\\User', 43, 'auth_token', 'afc7c599f77eb97d969d61bfedc552750e6265697e472b0714dc03c8cdcf11eb', '[\"*\"]', NULL, '2022-07-15 18:16:48', '2022-07-15 18:16:48'),
(259, 'App\\Models\\User', 44, 'auth_token', 'c98b9dcf69c67f18d2a6f5bf6c17799e439e5525404bfd6e61b8393a8ba949a8', '[\"*\"]', NULL, '2022-07-18 18:21:32', '2022-07-18 18:21:32'),
(260, 'App\\Models\\User', 43, 'auth_token', 'c1d9a8e2b9c6e41789c349a9d874c3820bbb03cbe911b79a8d33148dd1477105', '[\"*\"]', NULL, '2022-07-18 19:07:38', '2022-07-18 19:07:38'),
(261, 'App\\Models\\User', 43, 'auth_token', '1c517bb937dfbf79e54db041392520edf7ec8af5d4de3f8cd4670dbb1df407b1', '[\"*\"]', NULL, '2022-07-18 19:17:56', '2022-07-18 19:17:56'),
(262, 'App\\Models\\User', 43, 'auth_token', 'c50341819bb5de5d683a18c288cc0f62b6339554cb5083c6422d0608ed7d8b11', '[\"*\"]', NULL, '2022-07-18 19:35:54', '2022-07-18 19:35:54'),
(263, 'App\\Models\\User', 43, 'auth_token', '9386267a92f66e471a70df669cea6d6faaa150d70275300bbf341b07131b372b', '[\"*\"]', NULL, '2022-07-19 17:21:31', '2022-07-19 17:21:31'),
(264, 'App\\Models\\User', 43, 'auth_token', '563eef62dca57dacd9b559b65cca9c43384c1fe992b2a3b58aae8f604f174700', '[\"*\"]', NULL, '2022-07-19 17:54:38', '2022-07-19 17:54:38'),
(265, 'App\\Models\\User', 43, 'auth_token', '0062a81a2ce412890264ba22b3963ab2dd94e7425999b6a20f0588d6cca51a24', '[\"*\"]', NULL, '2022-07-19 18:55:03', '2022-07-19 18:55:03'),
(266, 'App\\Models\\User', 43, 'auth_token', 'c5741bf5db812012fdd30fc70dc99e4e65cfcb5a8616400d518f2cb3257bec66', '[\"*\"]', NULL, '2022-07-19 19:04:00', '2022-07-19 19:04:00'),
(267, 'App\\Models\\User', 43, 'auth_token', '2ec28815a488bde8e7eef4ff8691fb67e5d9ff2a4e500bf5ee1d4d5bddd3eafb', '[\"*\"]', NULL, '2022-07-19 19:15:12', '2022-07-19 19:15:12'),
(268, 'App\\Models\\User', 102, 'auth_token', '92543992752b9ce6e9f7e3aee338ca24c9c9b57552608c9d0c08fcd6bd85c058', '[\"*\"]', NULL, '2022-07-20 17:29:39', '2022-07-20 17:29:39'),
(269, 'App\\Models\\User', 102, 'auth_token', 'a8b65b68ecde61584fb2f088d452f69057c01c2a38039e2792992a41d6824ed7', '[\"*\"]', NULL, '2022-07-20 17:36:22', '2022-07-20 17:36:22'),
(270, 'App\\Models\\User', 43, 'auth_token', '8236ae007259e0392a07028e8b5e27bed13217d45de63c32110cf83f284be85b', '[\"*\"]', NULL, '2022-07-20 17:37:11', '2022-07-20 17:37:11'),
(271, 'App\\Models\\User', 102, 'auth_token', '763345a2bf1e7c2bf8342214c8718a33b0f3867321c9d848bf209615f9b9f925', '[\"*\"]', NULL, '2022-07-20 17:39:05', '2022-07-20 17:39:05'),
(272, 'App\\Models\\User', 44, 'auth_token', 'c6b12b3c8f2d58011809c179abd4ea891faa9bd5440b794727e718baa6c6bb74', '[\"*\"]', NULL, '2022-07-20 19:33:00', '2022-07-20 19:33:00'),
(273, 'App\\Models\\User', 44, 'auth_token', 'c8b50477ec3a468a520d233b6fdebc3b66467d2e1fa4b1b49847b7f23aa6f257', '[\"*\"]', NULL, '2022-07-20 20:45:37', '2022-07-20 20:45:37'),
(274, 'App\\Models\\User', 102, 'auth_token', 'a369fed3f9aa370a79fb18db7eeb01ec5c2b68adc9c28e25f11aad75aab60284', '[\"*\"]', NULL, '2022-07-21 16:36:42', '2022-07-21 16:36:42'),
(275, 'App\\Models\\User', 98, 'auth_token', '4f71eaeadde64e6baa2c92e0d1095c852720b188627563026bd90ce774532e8d', '[\"*\"]', NULL, '2022-07-21 18:07:39', '2022-07-21 18:07:39'),
(276, 'App\\Models\\User', 102, 'auth_token', '386bbf628df22ee58ec27faeb14b2b316c4c808dfa9343eb2aed34d768d4178f', '[\"*\"]', NULL, '2022-07-21 18:08:33', '2022-07-21 18:08:33'),
(277, 'App\\Models\\User', 102, 'auth_token', '9f6a2c2ba74d41271e81c8277d7b05d85d058f0d55e2bbb86f70a2705fcb7461', '[\"*\"]', NULL, '2022-07-21 18:08:56', '2022-07-21 18:08:56'),
(278, 'App\\Models\\User', 102, 'auth_token', 'c78c3114d522d9754cfcb1a62c51ab234b376667e2e6ecaad7ef577d8344c6f4', '[\"*\"]', NULL, '2022-07-21 18:16:39', '2022-07-21 18:16:39'),
(279, 'App\\Models\\User', 102, 'auth_token', 'b8c7298e32e086c5b8a44bbfb825c67fdd65b706e49098fa9ad77d206dfcb2e5', '[\"*\"]', NULL, '2022-07-21 18:17:16', '2022-07-21 18:17:16'),
(280, 'App\\Models\\User', 102, 'auth_token', 'c9ad18288a8b3650fdc02c7503c4cc1d1e842de23f84fe89e4264606e47a72ef', '[\"*\"]', NULL, '2022-07-21 19:00:36', '2022-07-21 19:00:36'),
(281, 'App\\Models\\User', 102, 'auth_token', '81271507b0bdb8eeeeb22b7581e801d005af98651e4ea03961e128541cd226ff', '[\"*\"]', NULL, '2022-07-21 19:00:38', '2022-07-21 19:00:38'),
(282, 'App\\Models\\User', 102, 'auth_token', '442c2510d30aca25cbdefc9d8361d70352dc675e0b96dc41cef8b5a1cc1b8576', '[\"*\"]', NULL, '2022-07-21 19:03:41', '2022-07-21 19:03:41'),
(283, 'App\\Models\\User', 102, 'auth_token', '57a173d6c7060bd7fdbdc660d96c1a72b5fa93a984659581d39b4576c23ea072', '[\"*\"]', NULL, '2022-07-21 19:04:45', '2022-07-21 19:04:45'),
(284, 'App\\Models\\User', 102, 'auth_token', 'c11c57b255b43b70e0cf02a8bbbe5300cfaf7a0ce92a7424fe40891a466e3111', '[\"*\"]', NULL, '2022-07-21 19:10:05', '2022-07-21 19:10:05'),
(285, 'App\\Models\\User', 44, 'auth_token', '57ed7e41a92a309de0ae692629f3b10771a54ba547338578a912560af3d06829', '[\"*\"]', NULL, '2022-07-22 18:07:27', '2022-07-22 18:07:27'),
(286, 'App\\Models\\User', 102, 'auth_token', '8b6383e23ea2c2fa35bb3027f8382e1249aa769886b2a8c636df15d2d34e9e4f', '[\"*\"]', NULL, '2022-07-22 18:26:33', '2022-07-22 18:26:33'),
(287, 'App\\Models\\User', 44, 'auth_token', '751aff1b0659c758cebad2ee7e9db48830e644750e21fd69c6d638c378ba29c4', '[\"*\"]', NULL, '2022-07-25 15:13:42', '2022-07-25 15:13:42'),
(288, 'App\\Models\\User', 89, 'auth_token', 'ee8904bfb3bdb83db55e5427f4e3569550fcce768eaed60b126b87193cc89b4c', '[\"*\"]', NULL, '2022-07-25 16:06:53', '2022-07-25 16:06:53'),
(289, 'App\\Models\\User', 89, 'auth_token', '5454d005f0d98a09563394c3b6334fd62c1506f67cf35e92fa755bea765027c3', '[\"*\"]', NULL, '2022-07-25 16:13:48', '2022-07-25 16:13:48'),
(290, 'App\\Models\\User', 102, 'auth_token', '49349cfdcb53c46f7f12233fd5467ba01e7136d573767e6e7ac681c4a9dca50b', '[\"*\"]', NULL, '2022-07-25 18:36:27', '2022-07-25 18:36:27'),
(291, 'App\\Models\\User', 102, 'auth_token', 'bcf766ff876c8642f7b0bfd85e67430586dc0bac49883eab1820d3767df886c1', '[\"*\"]', NULL, '2022-07-25 18:59:51', '2022-07-25 18:59:51'),
(292, 'App\\Models\\User', 44, 'auth_token', 'f34119c5432136dc1c2ba5d914bcac7ef17e22c0c8af24df74c6f8247e5d4b4d', '[\"*\"]', NULL, '2022-07-25 19:04:00', '2022-07-25 19:04:00'),
(293, 'App\\Models\\User', 102, 'auth_token', 'efcca3b37201e7938a2debd36713dec8abc92c7fb8238f9f184ad84f5df21294', '[\"*\"]', NULL, '2022-07-25 19:04:12', '2022-07-25 19:04:12'),
(294, 'App\\Models\\User', 102, 'auth_token', '7b948328d3b31dd8557abcd12eaaf3dbb0889b883822e86271cb49c1939aa0aa', '[\"*\"]', NULL, '2022-07-25 20:41:03', '2022-07-25 20:41:03'),
(295, 'App\\Models\\User', 102, 'auth_token', 'de33628fadc1af1ee257059ddfb9511b6129295b2f493b1820df0704d6dfa1d5', '[\"*\"]', NULL, '2022-07-25 20:41:29', '2022-07-25 20:41:29'),
(296, 'App\\Models\\User', 102, 'auth_token', '6800b58d401a142e388b1d0085ceaa6837ef88a9c3ec5c7e42dc8affc8ff4b99', '[\"*\"]', NULL, '2022-07-25 20:43:48', '2022-07-25 20:43:48'),
(297, 'App\\Models\\User', 43, 'auth_token', 'd470692e02840ef7bc4d9c8b6dae314c8ab8487b72decd93982a6098e1d5c1dc', '[\"*\"]', NULL, '2022-07-26 16:14:28', '2022-07-26 16:14:28'),
(298, 'App\\Models\\User', 102, 'auth_token', '31f835772c49547467cae4964975d434f2043883b1b6b593f8e9a5d6f845d083', '[\"*\"]', NULL, '2022-07-26 16:15:33', '2022-07-26 16:15:33'),
(299, 'App\\Models\\User', 102, 'auth_token', '922cf1e143d90b7c51618bef2e0261c6eb4db69ca6e3dd0191cc62973c06ed07', '[\"*\"]', NULL, '2022-07-26 16:23:46', '2022-07-26 16:23:46'),
(300, 'App\\Models\\User', 43, 'auth_token', 'ea1523f76d1d6dcab379504ec93735fcd9f8a0975231c512245bf297d0a14701', '[\"*\"]', NULL, '2022-07-26 16:28:04', '2022-07-26 16:28:04'),
(301, 'App\\Models\\User', 102, 'auth_token', '12488683149092a2666bf3d77032e848e03e2050d82dc0a4f7ca8e78d4020a6d', '[\"*\"]', NULL, '2022-07-26 16:42:28', '2022-07-26 16:42:28'),
(302, 'App\\Models\\User', 102, 'auth_token', 'a0fd7287b649c243f8d802c99f6946ac447d9567447c98f8232078ae004397af', '[\"*\"]', NULL, '2022-07-26 16:46:07', '2022-07-26 16:46:07'),
(303, 'App\\Models\\User', 43, 'auth_token', '099b31c113a1300885b57c6c924daf904f4414f145dcb572d9192a2f5c44487e', '[\"*\"]', NULL, '2022-07-26 17:48:20', '2022-07-26 17:48:20'),
(304, 'App\\Models\\User', 44, 'auth_token', '972c53ae3b45f5ff6d2bb32af127c9a15902b3ed876ebc27e416a57a087cfd60', '[\"*\"]', NULL, '2022-07-26 20:58:59', '2022-07-26 20:58:59'),
(305, 'App\\Models\\User', 44, 'auth_token', '44a2afd329c01cc201768efb6d49960a8aa2b0261cee3ee66059f6afb3c66335', '[\"*\"]', NULL, '2022-07-27 16:04:09', '2022-07-27 16:04:09'),
(306, 'App\\Models\\User', 106, 'auth_token', 'fe8211b8078c89261e5c787b184f956ec635c447931277b57969c8018cf303e8', '[\"*\"]', NULL, '2022-07-27 16:25:43', '2022-07-27 16:25:43'),
(307, 'App\\Models\\User', 44, 'auth_token', '95e9fbb403b4baffb57f3e5fce2cc07b210a2fb9dd39ea6569f4644e0040a74f', '[\"*\"]', NULL, '2022-07-28 14:50:14', '2022-07-28 14:50:14'),
(308, 'App\\Models\\User', 106, 'auth_token', '6e5d77e7357b45a4d0abadf587a708895ee84ca83c574f071b61d95c9335224f', '[\"*\"]', NULL, '2022-07-28 14:51:25', '2022-07-28 14:51:25'),
(309, 'App\\Models\\User', 44, 'auth_token', '3d6ce8e7404e29916df623e55224810a281deb4755f3990da78c757f5378a668', '[\"*\"]', NULL, '2022-07-28 17:18:37', '2022-07-28 17:18:37'),
(310, 'App\\Models\\User', 102, 'auth_token', 'd1909c0c36aa4f85eb56999e9b83557d79ae1639ec03c66d69511c31b48fce18', '[\"*\"]', NULL, '2022-07-29 17:45:02', '2022-07-29 17:45:02'),
(311, 'App\\Models\\User', 102, 'auth_token', 'f2f6c6b0fe966e73bb41e22b1413ab3ee280c97b82a6fbaa6e7f180ff62f4c7c', '[\"*\"]', NULL, '2022-07-29 19:14:01', '2022-07-29 19:14:01'),
(312, 'App\\Models\\User', 43, 'auth_token', 'f0209654b68b25a5cab9429a9ad1fa687764f511f710f31fe6e996d63e1e091a', '[\"*\"]', NULL, '2022-07-29 20:38:53', '2022-07-29 20:38:53'),
(313, 'App\\Models\\User', 102, 'auth_token', '9d216580c220dacf075591ae2e5d9740075741beb4d3df3fedbed24da12591be', '[\"*\"]', NULL, '2022-08-01 19:14:14', '2022-08-01 19:14:14'),
(314, 'App\\Models\\User', 44, 'auth_token', '944c1960f107bbfa2fe100303d92861239e28a327f8aee55545599da3e65b84d', '[\"*\"]', NULL, '2022-08-01 20:51:29', '2022-08-01 20:51:29'),
(315, 'App\\Models\\User', 44, 'auth_token', '9b23475250a50c1bdadb7c3a8633f57cb980bfb8f32a09965b0afb25ff259a62', '[\"*\"]', NULL, '2022-08-01 21:34:29', '2022-08-01 21:34:29'),
(316, 'App\\Models\\User', 102, 'auth_token', '1356795a46293601559d32f2ed8478899dabd116488dc9ad0356f4da378b28b4', '[\"*\"]', NULL, '2022-08-01 21:36:52', '2022-08-01 21:36:52'),
(317, 'App\\Models\\User', 44, 'auth_token', '89a5962d707b3d0e979c0a49a2bd4c4a5030abadf0e7ce37364cfdd41bf8f497', '[\"*\"]', NULL, '2022-08-01 21:40:57', '2022-08-01 21:40:57'),
(318, 'App\\Models\\User', 102, 'auth_token', '52ded07228b7928387e1b8757ab8818ff5f0bea56a718808698b8d1a9363c77e', '[\"*\"]', NULL, '2022-08-02 22:59:06', '2022-08-02 22:59:06'),
(319, 'App\\Models\\User', 106, 'auth_token', '1bf1f969fc3e69bf5deb896257425c446f6b53e613bd3b7ca21c5ebf4875ad9e', '[\"*\"]', NULL, '2022-08-06 13:50:24', '2022-08-06 13:50:24'),
(320, 'App\\Models\\User', 106, 'auth_token', '9376b2f33e10ac63bd79471bdad25c19ea2525c1bf2c01feb64ebe0a84900260', '[\"*\"]', NULL, '2022-08-08 13:48:10', '2022-08-08 13:48:10'),
(321, 'App\\Models\\User', 106, 'auth_token', 'fdf6798480806e1d113b06cb8df00b7ccc8021de9b7d74b225545266d16af196', '[\"*\"]', NULL, '2022-08-09 12:37:06', '2022-08-09 12:37:06'),
(322, 'App\\Models\\User', 106, 'auth_token', 'a57dce44ef9d86955ff38a02116f9e9889d7f10e9f6e7993e3efda24ac8ba258', '[\"*\"]', NULL, '2022-08-10 14:44:52', '2022-08-10 14:44:52'),
(323, 'App\\Models\\User', 106, 'auth_token', 'e14225506d1146c5031191e0c9b3f3c30a3cd3a72b9db848166137e115bb54e8', '[\"*\"]', NULL, '2022-08-10 15:39:42', '2022-08-10 15:39:42'),
(324, 'App\\Models\\User', 106, 'auth_token', 'fd88c66d3ca431164048fc3304c1120591852bd8b0af08766f099fe24be1c872', '[\"*\"]', NULL, '2022-08-10 15:49:02', '2022-08-10 15:49:02'),
(325, 'App\\Models\\User', 44, 'auth_token', '9aac061947870b87270799b61624604bd8ab5a80e2c1acb893cc24e36d9b6fe4', '[\"*\"]', NULL, '2022-08-10 16:00:49', '2022-08-10 16:00:49'),
(326, 'App\\Models\\User', 44, 'auth_token', 'bf30ad600ff66427baceffdfe3b6e97cb5ab455fd8a9445d1a5dec4b59ea83f0', '[\"*\"]', NULL, '2022-08-11 18:46:21', '2022-08-11 18:46:21'),
(327, 'App\\Models\\User', 102, 'auth_token', '8cc23251bd926bf8c8e1713b80201b77211f20046146c024e3e1c43297f60605', '[\"*\"]', NULL, '2022-08-16 04:43:11', '2022-08-16 04:43:11'),
(328, 'App\\Models\\User', 109, 'auth_token', 'b2b04c011b5f4a350f593b7d878713ac77cb04be1a4eed308fb0eab11aa8a870', '[\"*\"]', NULL, '2022-08-16 05:39:16', '2022-08-16 05:39:16'),
(329, 'App\\Models\\User', 109, 'auth_token', '0add9e2702ec489196c2a519236e8a72468bc734888ac16882af83d02e28d029', '[\"*\"]', NULL, '2022-08-16 06:01:38', '2022-08-16 06:01:38'),
(330, 'App\\Models\\User', 110, 'auth_token', '6bb18c121d2e87b789e0f374be2b9f5d66aaca6c5ca3f743ebd22caaac8b45bb', '[\"*\"]', NULL, '2022-08-16 06:24:59', '2022-08-16 06:24:59'),
(331, 'App\\Models\\User', 110, 'auth_token', '30945454b65678c214309a5bb462cb26c6ca6a41357d926269a919b04cd461ed', '[\"*\"]', NULL, '2022-08-16 06:26:37', '2022-08-16 06:26:37'),
(332, 'App\\Models\\User', 106, 'auth_token', 'b72578b987d2e275d46f34b9b98181b2d45a0b13a690cc315323241cd39fe9e9', '[\"*\"]', NULL, '2022-08-20 18:41:33', '2022-08-20 18:41:33'),
(333, 'App\\Models\\User', 106, 'auth_token', '39391a64f4c45c7fe59bc5aa3ad63f7221b0553e244dbbfb4ff4808a142782ab', '[\"*\"]', NULL, '2022-08-24 16:36:25', '2022-08-24 16:36:25'),
(334, 'App\\Models\\User', 44, 'auth_token', 'a5d4ebb36e94275e5c81badde5e45ea23f6660d22dfc59b59cbbee939712f2d4', '[\"*\"]', NULL, '2022-08-25 20:36:57', '2022-08-25 20:36:57'),
(335, 'App\\Models\\User', 44, 'auth_token', '05bd8c36b341b12ef937dc36d906dc43cf63a5249e0ac15d657553d0ca728ad8', '[\"*\"]', NULL, '2022-08-25 20:48:19', '2022-08-25 20:48:19'),
(336, 'App\\Models\\User', 44, 'auth_token', '2e01aa687989033505b63e4bf052d27d6c4ea7a57485fc9044bc9f91651c7848', '[\"*\"]', NULL, '2022-08-25 20:57:50', '2022-08-25 20:57:50'),
(337, 'App\\Models\\User', 43, 'auth_token', 'ced4a58ead50b2ca6017d9af012cc67716801a103c0221f52fa4a257c3977ff7', '[\"*\"]', NULL, '2022-08-29 15:26:58', '2022-08-29 15:26:58'),
(338, 'App\\Models\\User', 106, 'auth_token', '4da206e337b2c6c653d86a12fd79b4894a8d0e46d8dc6976c7a4c05b9712d17b', '[\"*\"]', NULL, '2022-08-30 03:35:47', '2022-08-30 03:35:47'),
(339, 'App\\Models\\User', 106, 'auth_token', '655dc48baa76cb3ee0f42e916485e54afc1da01aed030b46b3584d1a00c058e1', '[\"*\"]', NULL, '2022-08-30 03:40:14', '2022-08-30 03:40:14'),
(340, 'App\\Models\\User', 44, 'auth_token', '5e3e4d083c797c34b6fda9e944c7e7eb32c145260c96389bf2e9eb8b8901d891', '[\"*\"]', NULL, '2022-08-30 19:48:57', '2022-08-30 19:48:57'),
(341, 'App\\Models\\User', 44, 'auth_token', 'cbbb998d432dc384ce1d053824e719509bf25b1e3e67f5a24fc86ca066e78df3', '[\"*\"]', NULL, '2022-08-31 13:28:50', '2022-08-31 13:28:50'),
(342, 'App\\Models\\User', 44, 'auth_token', 'e1807186099e0e42e9283afc7274a4af32f3fa1e7cfd166d44067f21bc221299', '[\"*\"]', NULL, '2022-08-31 15:03:17', '2022-08-31 15:03:17'),
(343, 'App\\Models\\User', 98, 'auth_token', '018780af671bb227823970fe64b20a334d691bdab3f311e62723a03cd88d41ac', '[\"*\"]', NULL, '2022-09-02 13:50:58', '2022-09-02 13:50:58'),
(344, 'App\\Models\\User', 116, 'auth_token', '273f18ba5502d5f937942d9cf7f4d15cce51d56d18330aafda6135b7f0b325ef', '[\"*\"]', NULL, '2022-09-02 15:48:54', '2022-09-02 15:48:54'),
(345, 'App\\Models\\User', 44, 'auth_token', '8742e17eda14abd7a0470044911af876d7686f814bbfaf6f3b95e9a7e5d4b648', '[\"*\"]', NULL, '2022-09-02 15:54:59', '2022-09-02 15:54:59'),
(346, 'App\\Models\\User', 44, 'auth_token', '6d3df3a771bd8e215f32c904af8d98ecac80e37a531459b0b249f3ccffacfaba', '[\"*\"]', NULL, '2022-09-02 15:56:42', '2022-09-02 15:56:42'),
(347, 'App\\Models\\User', 125, 'auth_token', 'c039d820d7752302e87fd94754f2999d20b01a84be2a9d75f9db65cd448f1d11', '[\"*\"]', NULL, '2022-09-09 23:33:22', '2022-09-09 23:33:22'),
(348, 'App\\Models\\User', 43, 'auth_token', 'e2c12631c9df24b803410079088c2cffa6c2ea8d6b88ed163d746e8aa999a7da', '[\"*\"]', NULL, '2022-09-12 14:08:03', '2022-09-12 14:08:03'),
(349, 'App\\Models\\User', 102, 'auth_token', '982d4436b103632dd0afccb62a04adc0fac9ab375fed5b65083ed69bc98c49d3', '[\"*\"]', NULL, '2022-09-12 18:24:57', '2022-09-12 18:24:57'),
(350, 'App\\Models\\User', 102, 'auth_token', 'a3a409f93910f16d95c4cce2bee216944a5d1bee6b974f632241ad7972a28258', '[\"*\"]', NULL, '2022-09-12 21:57:52', '2022-09-12 21:57:52'),
(351, 'App\\Models\\User', 44, 'auth_token', 'cbfa51e79df8350af13c527a0f5a83cab5e072c86edf3ac8891edd59d3707aee', '[\"*\"]', NULL, '2022-09-12 21:58:59', '2022-09-12 21:58:59'),
(352, 'App\\Models\\User', 43, 'auth_token', 'a1b3861ec47c825448de46e9e3e3227fc882cd3aff8ad570da340c191f097b1f', '[\"*\"]', NULL, '2022-09-13 16:04:37', '2022-09-13 16:04:37'),
(353, 'App\\Models\\User', 102, 'auth_token', '3f8a9ab863bdb272795ddb572efc69aa37ab43dc82735b418b43b5e5a4d9e9a3', '[\"*\"]', NULL, '2022-09-13 16:05:31', '2022-09-13 16:05:31'),
(354, 'App\\Models\\User', 102, 'auth_token', 'ceb25a6fcbf7e1da93cf75b6862d0abd41f23d1076e892f920273c5828b0df2b', '[\"*\"]', NULL, '2022-09-13 16:07:37', '2022-09-13 16:07:37'),
(355, 'App\\Models\\User', 102, 'auth_token', '6ab8eb0ce794c67b59879e59c3ad6b2ac33625f8839ced66680c8bdf10aed541', '[\"*\"]', NULL, '2022-09-13 16:09:24', '2022-09-13 16:09:24'),
(356, 'App\\Models\\User', 102, 'auth_token', '4059bfcaaabca45c42e25c255a4be93738a0b152997aac0507a942764de7ff61', '[\"*\"]', NULL, '2022-09-13 16:15:46', '2022-09-13 16:15:46'),
(357, 'App\\Models\\User', 102, 'auth_token', '6d1eac6d6b4eed9a20f0cfda6b62a0d865c6625af7d61babd52cb04030cd768e', '[\"*\"]', NULL, '2022-09-13 16:16:45', '2022-09-13 16:16:45'),
(358, 'App\\Models\\User', 43, 'auth_token', 'abbb34fe76f8f7d0922bf862f0b02256caf0154d3d9553d2bb60ed6c400c6a5e', '[\"*\"]', NULL, '2022-09-14 15:11:04', '2022-09-14 15:11:04'),
(359, 'App\\Models\\User', 102, 'auth_token', '3d1724a2c3d07acbe39b40d90fc761fe2fd25d5398c866efbe832eb51fa0f677', '[\"*\"]', NULL, '2022-09-14 15:11:14', '2022-09-14 15:11:14'),
(360, 'App\\Models\\User', 43, 'auth_token', '1f4493dc8fce369937a29fa03a30a3b7e291d12661fc6ca5a39241265928410a', '[\"*\"]', NULL, '2022-09-14 15:11:31', '2022-09-14 15:11:31'),
(361, 'App\\Models\\User', 102, 'auth_token', 'c8a4283ee42558ccb7882b1b037cf76031493a14a429aa56fc766fe3599ac23f', '[\"*\"]', NULL, '2022-09-14 18:52:34', '2022-09-14 18:52:34'),
(362, 'App\\Models\\User', 44, 'auth_token', '9122860bf04bc2a6dea44a54d875ce08c62886b9c3ab6217a94bf906b15cec8b', '[\"*\"]', NULL, '2022-09-14 18:52:49', '2022-09-14 18:52:49'),
(363, 'App\\Models\\User', 98, 'auth_token', 'b77064c62fb6174b622adde97ea5a7d5f97c0109e521dfab6ca519f3bd013738', '[\"*\"]', NULL, '2022-09-14 22:56:38', '2022-09-14 22:56:38'),
(364, 'App\\Models\\User', 106, 'auth_token', '88d7c92b9a647a3ad8f201519e3ba82948785533bf2e66b6f5af7087a3762f1a', '[\"*\"]', NULL, '2022-09-16 09:31:23', '2022-09-16 09:31:23'),
(365, 'App\\Models\\User', 44, 'auth_token', '123f63436deea3869b848947042deb9a260c62144ced22f610dc8993b107f2ad', '[\"*\"]', NULL, '2022-09-16 12:14:31', '2022-09-16 12:14:31'),
(366, 'App\\Models\\User', 44, 'auth_token', '6f64fafdf65f3c974afaaf59071bb154adb88b97862793792d413e05025a4692', '[\"*\"]', NULL, '2022-09-16 15:06:33', '2022-09-16 15:06:33'),
(367, 'App\\Models\\User', 163, 'auth_token', 'f1e6bc698c04885f50d7dbe91cb5733608a92ab1b8f9efbad0a3fba24b1b51b5', '[\"*\"]', NULL, '2022-09-16 17:27:31', '2022-09-16 17:27:31'),
(368, 'App\\Models\\User', 102, 'auth_token', '447f4df4c6934594290ac10c7b9f6892ab2dfe34923d9424af3e48964f7404a8', '[\"*\"]', NULL, '2022-09-16 17:37:15', '2022-09-16 17:37:15'),
(369, 'App\\Models\\User', 163, 'auth_token', '16428fce579c08f42cc8d1ba1eade63695c57b269870a7da157164c794d65ac3', '[\"*\"]', NULL, '2022-09-16 17:38:55', '2022-09-16 17:38:55'),
(370, 'App\\Models\\User', 164, 'auth_token', '825af9aff52fece5a671ae10557b06bf75786f3f81cc0a9e9ac9166ef36745c0', '[\"*\"]', NULL, '2022-09-16 18:11:56', '2022-09-16 18:11:56'),
(371, 'App\\Models\\User', 43, 'auth_token', 'c2f7e63366ae9e0681793814b1ac2ddc2339941081ed45d7ddd823f6f7600e67', '[\"*\"]', NULL, '2022-09-19 15:36:36', '2022-09-19 15:36:36'),
(372, 'App\\Models\\User', 171, 'auth_token', 'b60b17e6f9f3d1e84face52b5484bac72a05cfc5cbf36e3dcbfcd33366366db4', '[\"*\"]', NULL, '2022-09-20 00:20:27', '2022-09-20 00:20:27'),
(373, 'App\\Models\\User', 43, 'auth_token', '207fdb282cf179a548d60e92347dd00ba1317216e30ee5ce63dd9648875a8877', '[\"*\"]', NULL, '2022-09-20 17:27:21', '2022-09-20 17:27:21'),
(374, 'App\\Models\\User', 44, 'auth_token', '2674c0f0ca884d2ac291dfe5d6a588f3e6e8a89fc1e7342e5ddd2fd0f066a3b9', '[\"*\"]', NULL, '2022-09-20 21:10:25', '2022-09-20 21:10:25'),
(375, 'App\\Models\\User', 102, 'auth_token', '18e9242925a490c562301c5cd87b3b648ff0da4496b3c89e7016f2331c3fc305', '[\"*\"]', NULL, '2022-09-20 21:16:26', '2022-09-20 21:16:26'),
(376, 'App\\Models\\User', 102, 'auth_token', 'e564226383db24c63063bafb8f8f54a42fd25733fbb75c9c881ef9038b0a2291', '[\"*\"]', NULL, '2022-09-20 21:17:23', '2022-09-20 21:17:23'),
(377, 'App\\Models\\User', 44, 'auth_token', '03163f02fa1d4b411f2bb8568e71089c1ee4bcb262e7aa88d5fccc42524e8571', '[\"*\"]', NULL, '2022-09-21 18:17:06', '2022-09-21 18:17:06'),
(378, 'App\\Models\\User', 44, 'auth_token', '2d7d52a1632fc3fe44b4abfb4febe8183e5e8b3c496d02deb285e5b31d017f22', '[\"*\"]', NULL, '2022-09-22 16:01:33', '2022-09-22 16:01:33'),
(379, 'App\\Models\\User', 106, 'auth_token', 'ac6bb185576d0f061b1269b07e3de7e387ea225b45a73a80ae2c9743ea485224', '[\"*\"]', NULL, '2022-09-23 13:26:17', '2022-09-23 13:26:17'),
(380, 'App\\Models\\User', 176, 'auth_token', 'a0b8f0abf938735edb23d69a1bc1aeb874b0c02687352d7c873a01c20c9da087', '[\"*\"]', NULL, '2022-09-23 21:24:51', '2022-09-23 21:24:51'),
(381, 'App\\Models\\User', 182, 'auth_token', '6ef7235405ac02c2554702cd2645f86ae1c6f5fc5f758ab810bb6fd12538fe50', '[\"*\"]', NULL, '2022-09-26 14:54:32', '2022-09-26 14:54:32'),
(382, 'App\\Models\\User', 4, 'auth_token', '27e05d16cb745f300fdfd93bea25f33590237070b62691d09fff859824de31bb', '[\"*\"]', NULL, '2022-09-28 02:26:15', '2022-09-28 02:26:15'),
(383, 'App\\Models\\User', 4, 'auth_token', '3e0ffd83b2ccf583a45f5ed697452e2dedb2ccd32709191897b08cc724295b59', '[\"*\"]', NULL, '2022-09-28 02:26:20', '2022-09-28 02:26:20'),
(384, 'App\\Models\\User', 4, 'auth_token', '81f62b7b865ed40d4ada919f85cc91758a2d83ea442f96adb69c918757b6b19e', '[\"*\"]', NULL, '2022-09-28 02:26:23', '2022-09-28 02:26:23'),
(385, 'App\\Models\\User', 226, 'auth_token', 'be88b5709d2fbd1e2cdb7a2331ab28a18f416108c09f45b3506af9eafe2598ac', '[\"*\"]', NULL, '2022-09-28 02:35:34', '2022-09-28 02:35:34'),
(386, 'App\\Models\\User', 44, 'auth_token', 'cf867ea17438a0004a7098e547ce10cfefb39d60bae0d039ca9c8808d271c959', '[\"*\"]', NULL, '2022-09-28 14:32:35', '2022-09-28 14:32:35'),
(387, 'App\\Models\\User', 43, 'auth_token', 'c841dd94d3e3303338242adde7439f4e492cafd8dff92bfc21cf9150ff7abfaf', '[\"*\"]', NULL, '2022-09-28 18:20:38', '2022-09-28 18:20:38'),
(388, 'App\\Models\\User', 44, 'auth_token', '66c7c8db11b421760d55c65071ea1e0e557dab1a8d39131119c9727f45fd5b1d', '[\"*\"]', NULL, '2022-09-29 18:37:58', '2022-09-29 18:37:58'),
(389, 'App\\Models\\User', 226, 'auth_token', '335e2f9fcb8924507cc3a0f90209c03aee866ed9f21c3c3cc00b73285d7bb832', '[\"*\"]', NULL, '2022-09-30 03:31:23', '2022-09-30 03:31:23');

-- --------------------------------------------------------

--
-- Table structure for table `profiles`
--

CREATE TABLE `profiles` (
  `id` int(11) NOT NULL,
  `user_id` int(11) DEFAULT NULL,
  `full_name` varchar(255) DEFAULT NULL,
  `phone` varchar(255) DEFAULT NULL,
  `address` text,
  `zip_code` varchar(255) DEFAULT NULL,
  `country_id` int(11) DEFAULT NULL,
  `country` varchar(255) DEFAULT NULL,
  `account_title` varchar(255) DEFAULT NULL,
  `account_number` varchar(255) DEFAULT NULL,
  `created_at` timestamp NULL DEFAULT CURRENT_TIMESTAMP,
  `updated_at` timestamp NULL DEFAULT CURRENT_TIMESTAMP
) ENGINE=InnoDB DEFAULT CHARSET=utf8mb4;

--
-- Dumping data for table `profiles`
--

INSERT INTO `profiles` (`id`, `user_id`, `full_name`, `phone`, `address`, `zip_code`, `country_id`, `country`, `account_title`, `account_number`, `created_at`, `updated_at`) VALUES
(1, 1, 'Guider', '111222333', 'abc street', 'zip123', 233, 'United States', NULL, NULL, '2022-04-01 03:50:01', '2022-04-01 03:50:01'),
(2, 2, 'b', NULL, NULL, NULL, 233, NULL, NULL, NULL, '2022-04-01 04:24:49', '2022-04-01 04:24:49'),
(3, 3, 'vacationer', '1668523456', 'vacationer street san francisco', '94016', 233, 'United States', NULL, NULL, '2022-04-01 05:03:03', '2022-08-18 11:26:39'),
(14, 29, 'guider2', '6513651614', NULL, NULL, 18, NULL, NULL, NULL, '2022-06-15 23:12:44', '2022-06-15 23:12:44'),
(28, 43, 'bilal', '111122223333', 'abc street', 'zip code2123', 233, 'United State', NULL, NULL, '2022-06-16 20:05:02', '2022-06-16 20:05:02'),
(29, 44, 'saimoon', NULL, NULL, NULL, 233, NULL, NULL, NULL, '2022-06-16 20:05:19', '2022-06-16 20:05:19'),
(30, 45, 'Wetyuior', NULL, NULL, NULL, 12, NULL, NULL, NULL, '2022-06-17 13:27:02', '2022-06-17 13:27:02'),
(47, 63, 'Gabriel', '33646345381', NULL, NULL, 75, NULL, NULL, NULL, '2022-06-25 02:40:02', '2022-06-25 02:40:02'),
(48, 64, 'Alvaro', '34654168432', NULL, NULL, 205, NULL, NULL, NULL, '2022-06-25 02:50:32', '2022-06-25 02:50:32'),
(49, 65, 'James', '1489868434', NULL, NULL, 233, NULL, NULL, NULL, '2022-06-25 03:10:38', '2022-06-25 03:10:38'),
(50, 66, 'Lingyun', '8651681357468', NULL, NULL, 47, NULL, NULL, NULL, '2022-06-25 04:34:54', '2022-06-25 04:34:54'),
(51, 67, 'Klaus', '494687316', NULL, NULL, 83, NULL, NULL, NULL, '2022-06-25 05:01:50', '2022-06-25 05:01:50'),
(52, 68, 'Alessandro', '3968468468', '19 Circle Street\r\nArcadia, FL 34266', NULL, 109, NULL, NULL, NULL, '2022-06-25 05:12:02', '2022-06-25 05:12:02'),
(53, 69, 'Santiago', '523854138', NULL, NULL, 145, NULL, NULL, NULL, '2022-06-27 22:22:36', '2022-06-27 22:22:36'),
(54, 70, 'Aroon', '6663843584', NULL, NULL, 219, NULL, NULL, NULL, '2022-06-27 22:33:51', '2022-06-27 22:33:51'),
(56, 72, 'Arthur', '44654834847', NULL, NULL, 232, NULL, NULL, NULL, '2022-06-27 23:17:05', '2022-06-27 23:17:05'),
(57, 73, 'guiderprofile', '444444444444', NULL, NULL, 233, NULL, NULL, NULL, '2022-06-28 19:56:48', '2022-06-28 19:56:48'),
(58, 74, 'testguider', '444444444444', NULL, NULL, 233, NULL, NULL, NULL, '2022-07-01 23:24:19', '2022-07-01 23:24:19'),
(73, 89, 'Saimoon', '65756456346534', NULL, NULL, 8, 'Andorra', NULL, NULL, '2022-07-06 19:37:18', '2022-07-06 19:37:18'),
(74, 90, 'testguider2', '1111111111222222222222222', NULL, NULL, 233, 'United States', NULL, NULL, '2022-07-07 18:06:48', '2022-07-07 18:06:48'),
(75, 91, 'karen123', '7865929160', NULL, NULL, 5, 'Albania', NULL, NULL, '2022-07-07 19:11:53', '2022-07-07 19:11:53'),
(76, 92, 'Blossam Garcia', '7865929160', NULL, 'gggg', 16, NULL, NULL, 'gfgg', '2022-07-07 19:13:02', '2022-07-07 19:18:28'),
(78, 94, 'blossam123', '6767666', NULL, NULL, 18, 'Azerbaijan', NULL, NULL, '2022-07-07 19:28:27', '2022-07-07 19:28:27'),
(90, 106, 'Admin', '98765654332', NULL, NULL, 8, 'Andorra', NULL, NULL, '2022-07-27 16:10:52', '2022-07-27 16:10:52'),
(103, 119, 'Dany', '18094016916', NULL, NULL, 62, 'Dominican Republic', NULL, NULL, '2022-09-08 22:30:42', '2022-09-08 22:30:42'),
(104, 120, 'Eudy Meran', '8294241992', NULL, NULL, 62, 'Dominican Republic', NULL, NULL, '2022-09-08 23:17:49', '2022-09-08 23:17:49'),
(105, 121, 'pauli', '-18492221871', NULL, NULL, 62, 'Dominican Republic', NULL, NULL, '2022-09-09 03:40:10', '2022-09-09 03:40:10'),
(113, 129, 'DembowRD', '8299120344', NULL, NULL, 62, 'Dominican Republic', NULL, NULL, '2022-09-10 15:34:39', '2022-09-10 15:34:39'),
(114, 130, 'Eversolem', '9499935369', NULL, NULL, 233, 'United States', NULL, NULL, '2022-09-11 23:23:57', '2022-09-11 23:23:57'),
(115, 131, 'Jorge Luis santana', '8296839411', NULL, NULL, 62, 'Dominican Republic', NULL, NULL, '2022-09-12 09:00:34', '2022-09-12 09:00:34'),
(116, 132, 'greg', '123456789', NULL, NULL, 4, 'Afghanistan', NULL, NULL, '2022-09-12 23:22:18', '2022-09-12 23:22:18'),
(117, 133, 'Test user', '123456789', NULL, NULL, 4, 'Afghanistan', NULL, NULL, '2022-09-12 23:29:07', '2022-09-12 23:29:07'),
(118, 134, 'Test user', '123456789', NULL, NULL, 4, 'Afghanistan', NULL, NULL, '2022-09-12 23:30:30', '2022-09-12 23:30:30'),
(119, 135, 'Combinedsun', '9499935368', NULL, NULL, 233, 'United States', NULL, NULL, '2022-09-12 23:53:18', '2022-09-12 23:53:18'),
(120, 136, 'Combinedsun', '9499935368', NULL, NULL, 233, 'United States', NULL, NULL, '2022-09-12 23:53:53', '2022-09-12 23:53:53'),
(121, 137, 'Combinedsun', '9499935368', NULL, NULL, 233, 'United States', NULL, NULL, '2022-09-12 23:54:55', '2022-09-12 23:54:55'),
(122, 138, 'Combinedsun', '5152698755', NULL, NULL, 233, 'United States', NULL, NULL, '2022-09-12 23:55:58', '2022-09-12 23:55:58'),
(123, 139, 'edwintavera', '8296622711', NULL, NULL, 62, 'Dominican Republic', NULL, NULL, '2022-09-13 02:52:47', '2022-09-13 02:52:47'),
(124, 140, 'Jesus27', '8497528780', NULL, NULL, 62, 'Dominican Republic', NULL, NULL, '2022-09-13 04:48:50', '2022-09-13 04:48:50'),
(125, 141, 'Poloecotous', '8283382264', NULL, NULL, 62, 'Dominican Republic', NULL, NULL, '2022-09-13 05:57:42', '2022-09-13 05:57:42'),
(126, 142, 'Carlos Amezquita', '8094343680', NULL, NULL, 62, 'Dominican Republic', NULL, NULL, '2022-09-13 06:22:02', '2022-09-13 06:22:02'),
(132, 148, 'Asdas', '4352345', NULL, NULL, 9, 'Angola', NULL, NULL, '2022-09-13 17:52:05', '2022-09-13 17:52:05'),
(133, 149, 'Benito', '18298900881', NULL, NULL, 62, 'Dominican Republic', NULL, NULL, '2022-09-13 22:19:57', '2022-09-13 22:19:57'),
(134, 150, 'Frank', '5152698755', NULL, NULL, 233, 'United States', NULL, NULL, '2022-09-14 21:39:48', '2022-09-14 21:39:48'),
(135, 151, 'Jay', '9499935368', NULL, NULL, 233, 'United States', NULL, NULL, '2022-09-14 21:48:28', '2022-09-14 21:48:28'),
(136, 152, 'Kenny Rosman Diaz', '8293034517', NULL, NULL, 62, 'Dominican Republic', NULL, NULL, '2022-09-14 22:59:06', '2022-09-14 22:59:06'),
(137, 153, 'Devpetyr', '123456789', 'Test1', '123456', 233, 'United States', 'Dev Petyr', '123456789', '2022-09-15 15:35:44', '2022-09-30 15:28:45'),
(146, 162, 'MobileDev', '45678987654', NULL, NULL, 10, 'Anguilla', NULL, NULL, '2022-09-16 17:11:22', '2022-09-16 17:11:22'),
(147, 163, 'Mobile Dev', '54689098765', NULL, NULL, 10, 'Anguilla', NULL, NULL, '2022-09-16 17:26:39', '2022-09-16 17:26:39'),
(150, 166, 'Cristhian', '18094701279', NULL, NULL, 62, 'Dominican Republic', NULL, NULL, '2022-09-17 22:19:14', '2022-09-17 22:19:14'),
(153, 169, 'gexag', '123456789', NULL, NULL, 4, 'Afghanistan', NULL, NULL, '2022-09-19 18:16:13', '2022-09-19 18:16:13'),
(154, 170, 'Merlyn mateo', '8293901972', NULL, NULL, 62, 'Dominican Republic', NULL, NULL, '2022-09-19 23:38:46', '2022-09-19 23:38:46'),
(155, 171, 'Ronniel Aybar', '18294616626', NULL, NULL, 62, 'Dominican Republic', NULL, NULL, '2022-09-20 00:16:52', '2022-09-20 00:16:52'),
(156, 172, 'h1', '32154654', NULL, NULL, 4, 'Afghanistan', NULL, NULL, '2022-09-20 17:01:32', '2022-09-20 17:01:32'),
(158, 174, 'Franchesca Nez', '8492509477', NULL, NULL, 233, 'United States', NULL, NULL, '2022-09-20 22:51:00', '2022-09-20 22:51:00'),
(159, 175, 'f.morfa', '8299772398', NULL, NULL, 62, 'Dominican Republic', NULL, NULL, '2022-09-21 02:02:01', '2022-09-21 02:02:01'),
(160, 176, 'Abuaba', '6693334444', NULL, NULL, 233, 'United States', NULL, NULL, '2022-09-23 21:23:49', '2022-09-23 21:23:49'),
(161, 177, 'Danielaarias955', '8095273296', NULL, NULL, 62, 'Dominican Republic', NULL, NULL, '2022-09-23 22:26:20', '2022-09-23 22:26:20'),
(162, 178, 'Edili', '8297667546', NULL, NULL, 62, 'Dominican Republic', NULL, NULL, '2022-09-24 06:38:07', '2022-09-24 06:38:07'),
(163, 179, 'Yahaira Polanco', '8099144522', 'Calle Ramn Carvajal entrada los barreras', '51000', 62, 'Dominican Republic', NULL, NULL, '2022-09-24 23:57:11', '2022-09-25 00:10:07'),
(164, 180, 'Fredelyn191919', '8298686088', NULL, NULL, 62, 'Dominican Republic', NULL, NULL, '2022-09-25 09:37:31', '2022-09-25 09:37:31'),
(165, 181, 'rana', '01998614409', NULL, NULL, 21, 'Bangladesh', NULL, NULL, '2022-09-25 16:28:24', '2022-09-25 16:28:24'),
(166, 182, 'gegeso1567', '123456789', 'asd', '123456', 4, 'Afghanistan', NULL, NULL, '2022-09-26 14:54:01', '2022-09-27 22:19:41'),
(167, 183, 'ellis.paxton@gmail.com', '7723803871', NULL, NULL, 233, 'United States', NULL, NULL, '2022-09-27 03:35:26', '2022-09-27 03:35:26'),
(168, 184, 'Bookertim8787', '4122775308', NULL, NULL, 233, 'United States', NULL, NULL, '2022-09-27 04:00:40', '2022-09-27 04:00:40'),
(169, 185, 'Sasheanna C Myers', '13346143383', '571 Linden Avenue,', '15902', 233, 'United States', NULL, NULL, '2022-09-27 04:15:08', '2022-09-27 04:24:58'),
(170, 186, 'Mamacook', '4192041680', NULL, NULL, 233, 'United States', NULL, NULL, '2022-09-27 04:24:41', '2022-09-27 04:24:41'),
(171, 187, 'Mcfarlanemariah', '7197225397', NULL, NULL, 233, 'United States', NULL, NULL, '2022-09-27 04:25:17', '2022-09-27 04:25:17'),
(172, 188, 'Elijah Roucka', '19376575870', '120 Cannonbury ct', '45429', 233, 'United States', NULL, NULL, '2022-09-27 04:27:31', '2022-09-27 04:32:33'),
(173, 189, 'Keith johnson', '6786023438', '3128 addison Ln johns creek, ga', '30055', 233, 'United States', 'checking', '63', '2022-09-27 04:35:06', '2022-09-27 05:07:38'),
(174, 190, 'ReannaS', '7197558379', NULL, NULL, 233, 'United States', NULL, NULL, '2022-09-27 04:54:07', '2022-09-27 04:54:07'),
(175, 191, 'eazy_sing', '08168937872', NULL, NULL, 164, 'Nigeria', NULL, NULL, '2022-09-27 04:59:49', '2022-09-27 04:59:49'),
(176, 192, 'briannasims767@gmail.com', '5513258468', NULL, NULL, 233, 'United States', NULL, NULL, '2022-09-27 05:03:59', '2022-09-27 05:03:59'),
(177, 193, 'emm08091', '4049670685', NULL, NULL, 233, 'United States', NULL, NULL, '2022-09-27 05:04:21', '2022-09-27 05:04:21'),
(178, 194, 'joymayfield', '2674761443', NULL, NULL, 233, 'United States', NULL, NULL, '2022-09-27 05:05:40', '2022-09-27 05:05:40'),
(179, 195, 'arismazmanian', '8183917656', NULL, NULL, 233, 'United States', NULL, NULL, '2022-09-27 05:11:14', '2022-09-27 05:11:14'),
(180, 196, 'Ch3ych3y850', '8506918309', NULL, NULL, 233, 'United States', NULL, NULL, '2022-09-27 05:17:14', '2022-09-27 05:17:14'),
(181, 197, 'kaymaree', '4439165584', NULL, NULL, 233, 'United States', NULL, NULL, '2022-09-27 05:18:26', '2022-09-27 05:18:26'),
(182, 198, 'GatiaCalhoun', '4705564913', NULL, NULL, 233, 'United States', NULL, NULL, '2022-09-27 05:26:27', '2022-09-27 05:26:27'),
(183, 199, 'Realmuthafaya', '7027625384', NULL, NULL, 233, 'United States', NULL, NULL, '2022-09-27 05:27:59', '2022-09-27 05:27:59'),
(184, 200, 'marcusmac13', '4192315852', NULL, NULL, 233, 'United States', NULL, NULL, '2022-09-27 05:34:10', '2022-09-27 05:34:10'),
(185, 201, 'sallierachell@yahoo.com', '3344129794', '4100 Perdido Dr. Apt C Montgomery, AL', '36110', 233, 'United States', NULL, NULL, '2022-09-27 05:40:05', '2022-09-27 05:41:59'),
(186, 202, 'RLT1986', '8164999491', NULL, NULL, 233, 'United States', NULL, NULL, '2022-09-27 05:45:09', '2022-09-27 05:45:09'),
(187, 203, 'Katy', '15097929630', NULL, NULL, 233, 'United States', NULL, NULL, '2022-09-27 05:48:14', '2022-09-27 05:48:14'),
(188, 204, 'oliviagrace112016@icloud.com', '3375327439', NULL, NULL, 233, 'United States', NULL, NULL, '2022-09-27 05:52:30', '2022-09-27 05:52:30'),
(189, 205, 'josephm1879@gmail.com', '9519072543', NULL, NULL, 233, 'United States', NULL, NULL, '2022-09-27 05:53:30', '2022-09-27 05:53:30'),
(190, 206, 'estherd2289', '4075419294', NULL, NULL, 233, 'United States', NULL, NULL, '2022-09-27 06:08:58', '2022-09-27 06:08:58'),
(191, 207, 'Reginapa', '6108020499', '23 east boon ave', '19036', 233, 'United States', NULL, NULL, '2022-09-27 06:14:19', '2022-09-27 08:37:51'),
(192, 208, 'Sysy3800', '7192085197', NULL, NULL, 233, 'United States', NULL, NULL, '2022-09-27 06:38:53', '2022-09-27 06:38:53'),
(193, 209, 'Nakenten', '6307509514', NULL, NULL, 233, 'United States', NULL, NULL, '2022-09-27 06:55:52', '2022-09-27 06:55:52'),
(194, 210, 'Sajed', '8801711527201', NULL, NULL, 21, 'Bangladesh', NULL, NULL, '2022-09-27 07:33:30', '2022-09-27 07:33:30'),
(195, 211, 'shyniece01', '4077393461', NULL, NULL, 233, 'United States', NULL, NULL, '2022-09-27 08:43:21', '2022-09-27 08:43:21'),
(196, 212, 'francesco.pisanuk@outlook.com', '447415988496', NULL, NULL, 109, 'Italy', NULL, NULL, '2022-09-27 12:25:56', '2022-09-27 12:25:56'),
(197, 213, 'johnmark omondi', '254790840768', 'nairobi', '00100', 116, 'Kenya', 'SBM BANK', '0242388638001', '2022-09-27 12:28:35', '2022-09-27 21:20:58'),
(198, 214, 'andreachiavacci', '8292808422', NULL, NULL, 62, 'Dominican Republic', NULL, NULL, '2022-09-27 14:28:43', '2022-09-27 14:28:43'),
(199, 215, 'eazy_sing', '08168937872', NULL, NULL, 164, 'Nigeria', NULL, NULL, '2022-09-27 15:22:27', '2022-09-27 15:22:27'),
(200, 216, 'dexfor33', '4782328735', NULL, NULL, 233, 'United States', NULL, NULL, '2022-09-27 15:35:15', '2022-09-27 15:35:15'),
(201, 217, 'angelmccollum45@gmail.com', '4143465506', NULL, NULL, 233, 'United States', NULL, NULL, '2022-09-27 17:40:48', '2022-09-27 17:40:48'),
(202, 218, 'Myangelsoft92@gmail.com', '4143465506', NULL, NULL, 233, 'United States', NULL, NULL, '2022-09-27 17:42:04', '2022-09-27 17:42:04'),
(203, 219, 'connorjamesmurphy98', '3154095840', NULL, NULL, 233, 'United States', NULL, NULL, '2022-09-27 18:10:03', '2022-09-27 18:10:03'),
(204, 220, 'Melhmarzan', '7864475769', NULL, NULL, 233, 'United States', NULL, NULL, '2022-09-27 18:21:35', '2022-09-27 18:21:35'),
(205, 221, 'dbonsrah', '2084197524', NULL, NULL, 233, 'United States', NULL, NULL, '2022-09-27 19:28:58', '2022-09-27 19:28:58'),
(206, 222, 'whitfieldwork22@gmail.com', '4708843790', NULL, NULL, 233, 'United States', NULL, NULL, '2022-09-27 19:51:11', '2022-09-27 19:51:11'),
(207, 223, 'M2Nation', '5625089546', NULL, NULL, 233, 'United States', NULL, NULL, '2022-09-27 20:52:19', '2022-09-27 20:52:19'),
(208, 224, 'dannyq422', '8292983080', NULL, NULL, 62, 'Dominican Republic', NULL, NULL, '2022-09-27 22:37:52', '2022-09-27 22:37:52'),
(209, 225, 'Sophia galeano', '7542715896', NULL, NULL, 54, 'Costa Rica', NULL, NULL, '2022-09-28 00:32:51', '2022-09-28 00:32:51'),
(210, 226, 'combinedsun', '5152698755', NULL, NULL, 233, 'United States', NULL, NULL, '2022-09-28 02:32:43', '2022-09-28 02:32:43'),
(211, 227, 'Againous', '3463328522', NULL, NULL, 233, 'United States', NULL, NULL, '2022-09-28 04:41:35', '2022-09-28 04:41:35'),
(212, 228, 'Kaleah Ross', '2068804429', '5900 37 AVE S', '98118', 233, 'United States', NULL, NULL, '2022-09-28 06:24:03', '2022-09-28 06:49:57'),
(213, 229, 'Jerry1442', '7027625384', NULL, NULL, 233, 'United States', NULL, NULL, '2022-09-28 14:39:08', '2022-09-28 14:39:08'),
(214, 230, 'Msaid19', '905318653786', NULL, NULL, 225, 'Turkey', NULL, NULL, '2022-09-28 15:29:58', '2022-09-28 15:29:58'),
(215, 231, 'Ama', '7874361401', NULL, NULL, 181, 'Puerto Rico', NULL, NULL, '2022-09-28 16:41:11', '2022-09-28 16:41:11'),
(216, 232, 'rachaelwolfhope', '8144107891', '815 Blue Road', '15952', 233, 'United States', NULL, NULL, '2022-09-28 22:04:47', '2022-09-28 22:06:19'),
(217, 233, 'Pfia23', '2246276764', NULL, NULL, 233, 'United States', NULL, NULL, '2022-09-29 18:18:59', '2022-09-29 18:18:59');

-- --------------------------------------------------------

--
-- Table structure for table `reviews`
--

CREATE TABLE `reviews` (
  `id` int(11) NOT NULL,
  `user_id` int(11) NOT NULL,
  `message` longtext NOT NULL,
  `star` int(11) NOT NULL,
  `status` int(11) NOT NULL COMMENT '1 = active, 0 = inactive',
  `created_at` timestamp NULL DEFAULT NULL,
  `updated_at` timestamp NULL DEFAULT NULL
) ENGINE=InnoDB DEFAULT CHARSET=utf8mb4;

--
-- Dumping data for table `reviews`
--

INSERT INTO `reviews` (`id`, `user_id`, `message`, `star`, `status`, `created_at`, `updated_at`) VALUES
(5, 3, 'test message 2', 4, 1, '2022-06-27 13:24:24', '2022-06-27 13:24:24'),
(6, 3, 'test message 3', 5, 1, '2022-06-27 13:24:47', '2022-06-27 13:24:47'),
(7, 3, 'test message 4', 3, 1, '2022-06-27 13:29:37', '2022-06-27 13:29:37'),
(8, 3, 'On the other hand, we denounce with righteous indignation and dislike men who are so beguiled and demoralized by the charms of pleasure of the moment, so blinded by desire, that they cannot foresee the pain and trouble that are bound to ensue; and equal blame belongs to those who fail in their duty through weakness of will, which is the same as saying through shrinking from toil and pain. These cases are perfectly simple and easy to distinguish. In a free hour, when our power of choice is untrammelled and when nothing prevents our being able to do what we like best, every pleasure is to be welcomed and every pain avoided. But in certain circumstances and owing to the claims of duty or the obligations of business it will frequently occur that pleasures have to be repudiated and annoyances accepted. The wise man therefore always holds in these matters to this principle of selection: he rejects pleasures to secure other greater pleasures, or else he endures pains to avoid worse pains.', 5, 1, '2022-06-27 13:32:47', '2022-06-27 13:32:47');

-- --------------------------------------------------------

--
-- Table structure for table `users`
--

CREATE TABLE `users` (
  `id` int(11) NOT NULL,
  `username` varchar(55) NOT NULL,
  `email` varchar(55) NOT NULL,
  `provider_id` varchar(255) DEFAULT NULL,
  `avatar` varchar(255) DEFAULT NULL,
  `password` varchar(555) DEFAULT NULL,
  `user_role` int(11) NOT NULL COMMENT '0 = tourist,1 = guider, 2 = admin',
  `status` int(11) DEFAULT '0' COMMENT '1 = active , 0 = inactive ',
  `profile_status` int(11) NOT NULL DEFAULT '0' COMMENT '0 = Profile unlocked, 1 = profile locked',
  `is_reset` int(11) NOT NULL DEFAULT '0',
  `is_approved` int(11) NOT NULL DEFAULT '0' COMMENT '0 = not Approved,\r\n1 = Approved',
  `facebook_id` varchar(255) DEFAULT NULL,
  `created_at` timestamp NOT NULL DEFAULT CURRENT_TIMESTAMP,
  `updated_at` timestamp NOT NULL DEFAULT CURRENT_TIMESTAMP,
  `deleted_at` timestamp NULL DEFAULT NULL,
  `is_deleted_account` int(11) DEFAULT '0' COMMENT '0 = no,\r\n1 =yes,\r\n2 = pending'
) ENGINE=InnoDB DEFAULT CHARSET=utf8mb4;

--
-- Dumping data for table `users`
--

INSERT INTO `users` (`id`, `username`, `email`, `provider_id`, `avatar`, `password`, `user_role`, `status`, `profile_status`, `is_reset`, `is_approved`, `facebook_id`, `created_at`, `updated_at`, `deleted_at`, `is_deleted_account`) VALUES
(1, 'Guider', 'guider@gmail.com', NULL, '1656101453.png', '$2y$10$zu8Vb189CgdwtYYJ12dO.OcHu6D6ZbyZuxhJ68h7CrDppVoshIvwe', 1, 1, 1, 0, 0, NULL, '2022-07-01 03:50:00', '2022-09-28 02:01:56', NULL, 0),
(2, 'b', 'b@gmail.com', NULL, NULL, '$2y$10$FH0xRJGIwN.uVn88SLMAAO8wyadql9twgLKaQshFEwsetI4PdYjmG', 0, 1, 0, 0, 0, NULL, '2022-04-01 04:24:49', '2022-04-01 04:24:49', NULL, 0),
(3, 'Vacationer', 'vacationer@gmail.com', NULL, '1656101453.png', '$2y$10$x0mvx1MJ5tOozRYqOP16qOMWd0/jip1NOmdGWjE2IArCzJACZ8JmK', 0, 1, 0, 0, 0, NULL, '2022-04-01 05:03:03', '2022-08-22 19:51:18', NULL, 0),
(4, 'admin', 'admin@mail.com', NULL, NULL, '$2y$10$x4MOnJHQzqUUnIQTFy82ietyivBeqD4JXqJAzqquhXrjFwxUK2In6', 2, 1, 0, 0, 0, NULL, '2022-04-06 22:07:49', '2022-09-21 07:45:54', NULL, 0),
(29, 'guider2', 'guider2@gmail.com', NULL, NULL, '$2y$10$WgYeD46x.eABq37dZeF8c.PQNaGPLOu3IZFUgubK1MfUc5hHOum26', 1, 1, 1, 0, 0, NULL, '2022-06-15 23:12:44', '2022-09-11 23:25:34', NULL, 0),
(43, 'bilal', 'bilal@gmail.com', NULL, '16571238763.jpg', '$2y$10$eA1.yG3jCF3Y6fzILVx8lOwEzvJGQIGguAW01H5qiutHrU8ImX/bO', 0, 1, 0, 0, 0, NULL, '2022-06-16 20:05:02', '2022-06-16 20:05:02', NULL, 0),
(44, 'saimoon', 'saimoon@gmail.com', NULL, '16571238763.jpg', '$2y$10$8bR2RFJ.IGZvn/awpTWE7eXyYtP5l.Ef9ifUoFC4qWJB9E9beWYky', 0, 1, 0, 0, 0, NULL, '2022-06-16 20:05:19', '2022-09-02 15:55:16', NULL, 0),
(45, 'Wetyuior', 'Wertyuio@gmail.com', NULL, NULL, '$2y$10$xNlIZu/hSGwqWjOdbc.myOcSWPTDMJjs3CDjJ2dQcuhCuigct8j.C', 0, 0, 0, 0, 0, NULL, '2022-06-17 13:27:02', '2022-06-17 13:27:02', NULL, 0),
(63, 'Gabriel', 'gabriel@gmail.com', NULL, '1656110402.jpg', '$2y$10$wGiQxJbQchkd5t7TQV.2Z.IzUut7hqVdXzkLmMWukRIPZsjpDr3HC', 1, 1, 1, 0, 0, NULL, '2022-06-25 02:40:02', '2022-09-11 23:25:32', NULL, 0),
(64, 'Alvaro', 'alvaro@gmail.com', NULL, '1656111032.jpg', '$2y$10$Ecm4CpIDHZc0sjqTDVY.J.iz7NuRyNzWED1ae0EzYv67g0QPaItn2', 1, 1, 1, 0, 0, NULL, '2022-06-25 02:50:32', '2022-09-11 23:25:28', NULL, 0),
(65, 'James', 'james@gmail.com', NULL, '1656112238.jpg', '$2y$10$RuCC312iMYQioC29ycYo7.mhMkVm5O2/HnlGFtjoSrSrLwQLvnlZ2', 1, 1, 1, 0, 0, NULL, '2022-06-25 03:10:38', '2022-09-11 23:25:26', NULL, 0),
(66, 'Lingyun', 'lingyun@gmail.com', NULL, '1656117294.jpg', '$2y$10$O04Yjupxqgybqpmp47Xj2uCx0Zre2h0k1wEJh7Jh4rloOy6XjlWJW', 1, 1, 1, 0, 0, NULL, '2022-06-25 04:34:54', '2022-09-11 23:25:24', NULL, 0),
(67, 'Klaus', 'klaus@gmail.com', NULL, '1656118910.jpg', '$2y$10$EcYRM8tVX83rThQTvpZt3.bSgnhsTxI1jin3X74fBNmd8/J9rza9O', 1, 1, 1, 0, 0, NULL, '2022-06-25 05:01:50', '2022-09-11 23:25:22', NULL, 0),
(68, 'Alessandro', 'alessandro@gmail.com', NULL, '1656119522.jpg', '$2y$10$O4RrTepc27XrxXl0BlI.SO9oWCqDQKYU/MUHNbhxo1JBFjMVYT1Gu', 1, 1, 1, 0, 0, NULL, '2022-06-25 05:12:02', '2022-09-11 23:25:21', NULL, 0),
(69, 'Santiago', 'santiago@gmail.com', NULL, '1656354156.jpg', '$2y$10$/xMx0z9h1ik1sQENzTzG.uVStA3psxninN9jLbujshsgJxy0ZWA0S', 1, 1, 1, 0, 0, NULL, '2022-06-27 22:22:36', '2022-09-29 17:33:19', NULL, 0),
(70, 'Aroon', 'aroon@gmail.com', NULL, '1656354831.jpg', '$2y$10$Ov0fSA/RdTELmfeoFXGH..MuYzfnYbT6j8v8q.n.SOalW4DXvyEBa', 1, 1, 1, 0, 0, NULL, '2022-06-27 22:33:51', '2022-09-11 23:25:18', NULL, 0),
(72, 'Arthur', 'arthur@gmail.com', NULL, '1656357425.jpg', '$2y$10$0SKLI9bzayB2XApdKQSfCOjQoa0HlMzIb1nIH9XtJIf9FFLMMLVk2', 1, 1, 1, 0, 0, NULL, '2022-06-27 23:17:05', '2022-09-11 23:27:06', NULL, 0),
(73, 'guiderprofile', 'guiderprofile@gmail.com', NULL, '1656431808.jpg', '$2y$10$SFUtAcMk7cjpqp41KImenu2q3yMxTa4AJzjfywmIlxmwGUzlEyL3m', 1, 1, 1, 0, 0, NULL, '2022-06-28 19:56:48', '2022-09-11 23:27:09', NULL, 0),
(74, 'testguider', 'testguider@gmail.com', NULL, '1656703459.jpg', '$2y$10$CDGkBoXbqDbiSQB79X8tcO6PyUDUgAaps5mu3D.MwnIkjmp4wms2W', 1, 1, 1, 0, 0, NULL, '2022-07-01 23:24:19', '2022-08-23 14:06:43', NULL, 0),
(89, 'Saimoon', 'saimoon22@gmail.com', NULL, '16571238763.jpg', '$2y$10$fIMzI6y2AxFwK8FJaAmxVe5in1hMuSxmCQdv2jljaHnKCELbapqQ2', 0, 1, 0, 0, 0, NULL, '2022-07-06 19:37:18', '2022-07-06 19:37:18', NULL, 0),
(90, 'testguider2', 'testguider2@gmail.com', NULL, '165720280826.jpg', '$2y$10$/gGqHYRRLXRCMk7i/c2oVugVoeRW.C0k.Jktc/js0WPktyhm.AdTy', 1, 0, 1, 0, 0, NULL, '2022-07-07 18:06:48', '2022-09-11 23:26:27', NULL, 0),
(91, 'karen123', 'karen123@gmail.com', NULL, '165720671313.jpg', '$2y$10$fQynfmJDgTzZsPv3YhncheCMzdUtOWk7jatzU/RrKwKbL64aER3Gm', 1, 1, 1, 0, 0, NULL, '2022-07-07 19:11:53', '2022-09-11 23:26:30', NULL, 0),
(92, 'Blossam Garcia', 'blossampgrc094@gmail.com', NULL, '165720678213.jpg', '$2y$10$u8huZ/OJn2BF2qwnWhBry.ARILav1nQf5naEbPUSN9XGe4QU1.m7m', 1, 1, 1, 0, 0, NULL, '2022-07-07 19:13:02', '2022-09-11 23:26:32', NULL, 0),
(94, 'blossam123', 'blossampggvgrc094@gmail.com', NULL, '165720770722.jpg', '$2y$10$Ia1/YL4AvR7VeZVtMZaFS.Dj8AzAdB7onAdPc/FH13Co0u4CzyQAW', 0, 0, 0, 0, 0, NULL, '2022-07-07 19:28:27', '2022-07-07 19:28:27', NULL, 0),
(106, 'Admin', 'admin1@gmail.com', NULL, '165730513928.jpg', '$2y$10$eBzm3cEsbRSf2djUAs1P2eyT.yQlWP3XJQb737CalCQoTsdTbRvja', 0, 1, 0, 0, 1, NULL, '2022-07-27 16:10:52', '2022-07-27 16:10:52', NULL, 0),
(119, 'Dany', 'danydelossantosacosta@gmail.com', NULL, '16626618416.jpeg', '$2y$10$isQOa.Od73w0ivgdP5CRg.dED85MoAvOQb9.k/el1Z7r3xoO5S0Ua', 1, 0, 1, 0, 0, NULL, '2022-09-08 22:30:42', '2022-09-11 23:25:44', NULL, 0),
(120, 'Eudy Meran', 'eudymeran@hotmail.com', NULL, '166266466911.jpeg', '$2y$10$r6ZwyPvpzvkGjRO5ZtxaN.3ofzG7RIbYy1NfYK1G6N0s9uwuTxA96', 1, 0, 1, 0, 0, NULL, '2022-09-08 23:17:49', '2022-09-11 23:25:15', NULL, 0),
(121, 'pauli', 'paulipeguero2@gmail.com', NULL, '166268041021.jpg', '$2y$10$3WvT3kPUmPR9fUosYVMz3eE0XcCw.bD6qYzNZQk9Fjuy7DDr5PwJW', 1, 0, 1, 0, 0, NULL, '2022-09-09 03:40:10', '2022-09-11 23:25:11', NULL, 0),
(129, 'DembowRD', 'ghernandez473@gmail.com', NULL, '16628096789.jpg', '$2y$10$7l3l3bnSH3bpfb0edpEqquMyb/rnzyMsQuqnheaMqtAS3KkPfF.lq', 1, 0, 1, 0, 0, NULL, '2022-09-10 15:34:39', '2022-09-11 23:24:54', NULL, 0),
(130, 'Eversolem', 'eversolemichele@gmail.com', NULL, '16629242375.jpeg', '$2y$10$JFnf7Fv2axgpieySwWp07ObYxfgCAv9Mg0sTB97jPJFJSYhReyJ9W', 1, 0, 1, 0, 0, NULL, '2022-09-11 23:23:57', '2022-09-11 23:24:46', NULL, 0),
(131, 'Jorge Luis santana', 'delgeorge27@gmail.com', NULL, '166295883425.jpg', '$2y$10$89HI63oIGESHhvXToeCSk.ixCdK3yHWSiuwI9XC39sVWUoqIbWIfa', 1, 0, 1, 0, 0, NULL, '2022-09-12 09:00:34', '2022-09-28 02:07:13', NULL, 0),
(132, 'greg', 'metase9865@pelung.com', NULL, '166301053826.jpg', '$2y$10$rmV3SyfJnvm3vBU6RQLere/8iR4UX4g8yuPCbQRQsqm/ueygaD8eW', 0, 0, 0, 0, 0, NULL, '2022-09-12 23:22:18', '2022-09-12 23:22:18', NULL, 0),
(133, 'Test user', 'Dovivo5865@oncebar.com', NULL, '166301094726.jpg', '$2y$10$i8M21CLH/LPIGd4SiRd2DeNmkYyx84Wa2dtX58h93c.WiQHDwCUKm', 0, 0, 0, 0, 0, NULL, '2022-09-12 23:29:07', '2022-09-12 23:29:07', NULL, 0),
(134, 'Test user', 'gehem44523@nicoimg.com', NULL, '166301103020.jpg', '$2y$10$E4Z3zoh4Vg.WR.Hex6PWaO5QnvS9nzB9PDDqnLMYTDP.CpavApz2W', 0, 0, 0, 0, 0, NULL, '2022-09-12 23:30:30', '2022-09-12 23:30:30', NULL, 0),
(135, 'Combinedsun', 'combinedsun@icloud.com', NULL, '166301239816.jpg', '$2y$10$NPueo9iV1CLpBBfKLvzl1euh1fOi98or4al/hYqjekL7CG7pclcDC', 0, 0, 0, 0, 0, NULL, '2022-09-12 23:53:18', '2022-09-12 23:53:18', NULL, 0),
(136, 'Combinedsun', 'combinedsun@gmail.com', NULL, '166301243326.jpg', '$2y$10$hCsviL89MYrCxAT9bNy2zeZvWElilWmX/wue.zlfjmpNht/acAeIO', 0, 0, 0, 0, 0, NULL, '2022-09-12 23:53:53', '2022-09-12 23:53:53', NULL, 0),
(137, 'Combinedsun', 'Unclefole@icloud.com', NULL, '166301249422.jpg', '$2y$10$oLAio4YG/Rp.qMOYlN4W3O0L94/UWLkqXfq0KSLvDMJOZi/OdKkoy', 0, 0, 0, 0, 0, NULL, '2022-09-12 23:54:54', '2022-09-12 23:54:54', NULL, 0),
(138, 'Combinedsun', 'tesbanks@gmail.com', NULL, '166301255816.jpg', '$2y$10$cjL/dKgzKvn6xC1cI56PQe5lRMhtx043KXbkARA3hNct3wHoZqwKC', 0, 0, 0, 0, 0, NULL, '2022-09-12 23:55:58', '2022-09-12 23:55:58', NULL, 0),
(139, 'edwintavera', 'edtavod@gmail.com', NULL, '16630231677.jpg', '$2y$10$thfCEbgO3.dyJrBCEKC0HeWjVqciQdDLTeurY6cec6bhLmpe86fqC', 1, 0, 0, 0, 0, NULL, '2022-09-13 02:52:47', '2022-09-13 02:52:47', NULL, 0),
(140, 'Jesus27', 'jesus.peguero27@hotmail.com', NULL, '16630301303.jpeg', '$2y$10$4pxWsIm60AIPk3rucuIO1uLph/CmCNdkZUZO6f.tABU1WK5RgPTUy', 1, 0, 1, 0, 0, NULL, '2022-09-13 04:48:50', '2022-09-28 02:07:46', NULL, 0),
(141, 'Poloecotous', 'poloecotours@gmail.com', NULL, '16630342628.jpeg', '$2y$10$kYLmM2a9w3wXMDK0sLENqebXR3rTJCLP7.HhPSt2YwzGFk1aoJowG', 1, 0, 0, 0, 0, NULL, '2022-09-13 05:57:42', '2022-09-13 05:57:42', NULL, 0),
(142, 'Carlos Amezquita', 'carlosamezquita01@gmail.com', NULL, '166303572230.jpg', '$2y$10$nM2PjzrQ0b74iK9.mGyB7OLrBs3UzDw/Mv8DUn27nO0wjrazlARqK', 1, 0, 0, 1, 0, NULL, '2022-09-13 06:22:02', '2022-09-13 21:38:48', NULL, 0),
(148, 'Asdas', 'Cehalel485@oncebar.com', NULL, '16630771251.jpg', '$2y$10$PTOyOQoOsXN/8fZObtyw2e.NUDiNF65rnHy1NRp3QGYEFOFt53Pry', 0, 0, 0, 0, 0, NULL, '2022-09-13 17:52:05', '2022-09-13 17:52:05', NULL, 0),
(149, 'Benito', 'benitolama@gmail.com', NULL, '16630931979.jpg', '$2y$10$2S09tLwgn.F5/t/kRrApleI9VO.41yBFQhxf6az3DkNrFra/qfCgq', 1, 0, 0, 0, 0, NULL, '2022-09-13 22:19:57', '2022-09-13 22:19:57', NULL, 0),
(150, 'Frank', 'unclefole@msn.com', NULL, '166317718718.jpg', '$2y$10$uyUr6nRaIaOdK0PUrfz.gule03l3DFo1cfEPB.qMX/UMLGXc2e/GS', 0, 0, 0, 0, 0, NULL, '2022-09-14 21:39:48', '2022-09-14 21:39:48', NULL, 0),
(151, 'Jay', 'Combinedsun@hotmail.com', NULL, '166317770730.jpg', '$2y$10$asCUCZH67sU9j3ha4Y8Rcutu7boc7AYgIOlCCTTJOgcujfK80c0YK', 0, 1, 0, 0, 0, NULL, '2022-09-14 21:48:27', '2022-09-14 21:48:52', NULL, 0),
(152, 'Kenny Rosman Diaz', 'diaz97k@gmail.com', NULL, '166318194610.jpg', '$2y$10$oBuaXtUdVpfQKFB1hxA6GudCam1o/4bdVRtg1F5Mm6EQFVvVxhscO', 1, 1, 0, 0, 0, NULL, '2022-09-14 22:59:06', '2022-09-14 23:02:13', NULL, 0),
(153, 'Devpetyr', 'devpetyr911@gmail.com', NULL, '16632417444.jfif', '$2y$10$cwfBmVdiLdvkB3dVQFaEw.QjLPZh4VbsJy1CzL2KuO99t8zxPNX7.', 2, 1, 0, 0, 0, NULL, '2022-09-15 15:35:44', '2022-09-15 16:06:59', NULL, 0),
(162, 'MobileDev', 'Kihsoiw869@dnitem.com', NULL, '16633338824.jpg', '$2y$10$OGqHkphlQAujLRhVJokVOOpWpPEXkZk5L5Nt47ZqLo0iO10YEOHXW', 0, 0, 0, 0, 0, NULL, '2022-09-16 17:11:22', '2022-09-16 17:11:22', NULL, 0),
(163, 'Mobile Dev', 'Kihosiw869@dnitem.com', NULL, '166333479930.jpg', '$2y$10$4SsMOnFwxdqKa9RnjxfaN.Llwo4S0EFc8SCh9oXwkBuDHSOSj1YZ.', 0, 1, 0, 0, 0, NULL, '2022-09-16 17:26:39', '2022-09-16 17:27:06', NULL, 0),
(166, 'Cristhian', 'Larimardominican@gmail.com', NULL, '166343875423.jpg', '$2y$10$yg9y0j/Wa1miX0Ufq9oVdO16knyw5gKcU0/3rAC5IFE2SPFvp7l66', 1, 1, 0, 0, 0, NULL, '2022-09-17 22:19:14', '2022-09-17 22:26:00', NULL, 0),
(169, 'gexag', 'gexag62080@pahed.com', NULL, '16635969736.jfif', '$2y$10$rkga0g.p1b3rr6FhOzDeSes2fIzWvZrOehpRCGJHHYuKARgqj5VK6', 0, 1, 0, 0, 0, NULL, '2022-09-19 18:16:13', '2022-09-19 18:17:03', NULL, 0),
(170, 'Merlyn mateo', 'Merlin079412@gmail.com', NULL, '166361632519.jpeg', '$2y$10$h9PG7NKoqMYQYDXRHTbUyuEkMQfVykpm3L/INkZIboPfru8VU4hG6', 1, 0, 0, 0, 0, NULL, '2022-09-19 23:38:46', '2022-09-19 23:38:46', NULL, 0),
(171, 'Ronniel Aybar', 'ronniel.aybar@gmail.com', NULL, '166361861228.jpg', '$2y$10$V8jqyy115NSwaoHI6pZP2.LqHh7G8Zt/7vB/HaC27muiFOzscKF2G', 1, 1, 0, 0, 0, NULL, '2022-09-20 00:16:52', '2022-09-20 00:19:40', NULL, 0),
(172, 'h1', 'kolon80561@dnitem.com', NULL, '166367889218.jpg', '$2y$10$YXBbi6gwa0CAIfiDbhO2peO7kIbaI.KWTn6VTegPYg9Q97.J9va9a', 0, 0, 0, 0, 0, NULL, '2022-09-20 17:01:32', '2022-09-20 17:01:32', NULL, 0),
(174, 'Franchesca Nez', 'tammy_ft@hotmail.com', NULL, '16636998602.jpeg', '$2y$10$I5QLpVOEaci3NYVs54AmTe3Lu5TFM24LvJE.ze0ZWTszx.irqFRHq', 1, 1, 0, 0, 0, NULL, '2022-09-20 22:51:00', '2022-09-20 22:52:18', NULL, 0),
(175, 'f.morfa', 'f.morfa@gmail.com', NULL, '166371132128.png', '$2y$10$5cckkfRbb1GYUrG5tXl/jubZgw/6x1ZWjmMGJtBATtLgpGg7tSQzG', 1, 1, 0, 0, 0, NULL, '2022-09-21 02:02:01', '2022-09-21 02:03:13', NULL, 0),
(176, 'Abuaba', 'bradbach76@icloud.com', NULL, '166395382918.jpg', '$2y$10$Z0NFozwOVVB8fkBLN/ti7.Z/nrKujse8c/BAu4eVWi3lO66QQsCVq', 0, 1, 0, 0, 0, NULL, '2022-09-23 21:23:49', '2022-09-23 21:24:09', NULL, 0),
(177, 'Danielaarias955', 'danielaarias955@gmail.com', NULL, '166395758011.jpg', '$2y$10$rPTd/RKC2oHIMJwrwc61yelrV5ak/2Dyp9aPa4Y/VzmnvdkOJtPde', 1, 0, 0, 1, 0, NULL, '2022-09-23 22:26:20', '2022-09-23 22:28:02', NULL, 0),
(178, 'Edili', 'edili.martinez@hotmail.com', NULL, '16639870872.jpg', '$2y$10$oMMZcwe9CXYxDM13ZsIBq.hqpvEcC0QBBRzMYVmsheHKImzxltPTi', 1, 1, 0, 0, 0, NULL, '2022-09-24 06:38:07', '2022-09-24 06:39:08', NULL, 0),
(179, 'Yahairayea', 'polancopacanada@gmail.com', NULL, '166404943120.jpeg', '$2y$10$oPmK3.dbz1PuLz0Ju.v0BuCf3W5OQnNy9HogoMTh/0SHWeJ6ncKt6', 1, 1, 0, 0, 0, NULL, '2022-09-24 23:57:11', '2022-09-25 00:05:00', NULL, 0),
(180, 'Fredelyn191919', 'fredelyn191920@gmail.com', NULL, '166408425023.jpeg', '$2y$10$9DvidHwWDPNFM1qiofnGEuW0BhAo9mFvGPBg3I0US6ynqfweJIlBy', 1, 1, 0, 0, 0, NULL, '2022-09-25 09:37:30', '2022-09-25 09:40:47', NULL, 0),
(181, 'rana', 'oallc9244@gmail.com', NULL, '166410890428.jpg', '$2y$10$4ARHLhQZRq7OOqSLV9uZ5.1FZPh33gc3M54vDCxunl7XWEaA.EQkW', 0, 0, 0, 0, 0, NULL, '2022-09-25 16:28:24', '2022-09-25 16:28:24', NULL, 0),
(182, 'gegeso1567', 'gegeso1567@pahed.com', NULL, '166418964022.jpg', '$2y$10$wbE6gJq48FTiqfv8GU.STew1UR9ecH4cwgXrNXx/Zkcboaysy2TDG', 0, 1, 0, 0, 0, NULL, '2022-09-26 14:54:00', '2022-09-26 14:54:18', NULL, 0),
(183, 'ellis.paxton@gmail.com', 'ellis.paxton@gmail.com', NULL, '16642353267.jpeg', '$2y$10$c89sy2iecHMK1UXsn7Tp3.TCwWhbnyIUgQqsCeTigsAvolTk0.iKy', 1, 1, 0, 1, 0, NULL, '2022-09-27 03:35:26', '2022-09-27 03:54:43', NULL, 0),
(184, 'Bookertim8787', 'Timbooker29@gmail.com', NULL, '166423684014.jpeg', '$2y$10$CurwVnZ0SVY3/SMjr4nKBOx9LBteSSzRO8xoNuAv4YXarnyabNfcu', 1, 0, 0, 0, 0, NULL, '2022-09-27 04:00:40', '2022-09-27 04:00:40', NULL, 0),
(185, 'Sasheanna', 'Sasheannam@gmail.com', NULL, '16642377083.jpg', '$2y$10$40MUASAuKqDnccCT5ld5aufKYynwJ.whEYkgLaefJLCXabXw250Ma', 1, 1, 0, 1, 0, NULL, '2022-09-27 04:15:08', '2022-09-27 04:18:42', NULL, 0),
(186, 'Mamacook', 'tigerlover2009@gmail.com', NULL, '16642382813.jpg', '$2y$10$1WbUyXI1dnKvxPiRgQ7MHeOl6DbkezUMey7MmuUDirc4K3keBaxkK', 1, 0, 0, 0, 0, NULL, '2022-09-27 04:24:41', '2022-09-27 04:24:41', NULL, 0),
(187, 'Mcfarlanemariah', 'mcfarlanemariah@gmail.com', NULL, '166423831714.jpeg', '$2y$10$ysMlgd8sS3XRA9vWkM3vpOiaJO7uNHLXAKDkflwN/0Awaw5UxK10m', 1, 0, 0, 0, 0, NULL, '2022-09-27 04:25:17', '2022-09-27 04:25:17', NULL, 0),
(188, 'Eroucka', 'elijahroucka@gmail.com', NULL, '166423845029.jpg', '$2y$10$7Ls58rH.LNuWYKYHcj9ieOQn4D8hNPMQoJNp/H1LQ/qd2n2./tQU2', 1, 1, 0, 0, 0, NULL, '2022-09-27 04:27:30', '2022-09-27 04:29:38', NULL, 0),
(189, 'Keith johnson', 'kj38889@gmail.com', NULL, '166423890618.jpeg', '$2y$10$jO7/Mgd5gee3GMQ8fkwG.O15uDR2dwMj.PsHGdI1sPXAfjyBZ/2CS', 1, 1, 0, 0, 0, NULL, '2022-09-27 04:35:06', '2022-09-27 04:57:01', NULL, 0),
(190, 'ReannaS', 'reanna.scherb@yahoo.com', NULL, '166424004617.jpeg', '$2y$10$GNPkrU/arD6vhC4RgDcqtOY5lV9lkfPApDVnm30kyxx6Og38DZHP2', 1, 1, 0, 0, 0, NULL, '2022-09-27 04:54:06', '2022-09-27 04:54:47', NULL, 0),
(191, 'eazy_sing', 'eazysing@gmail.com', NULL, '16642403891.jpg', '$2y$10$BEGxgp.mPvwnFEmS/kK/0uueF/09skkIN9hp4Scn8IFF.IctLzqWW', 1, 0, 0, 0, 0, NULL, '2022-09-27 04:59:49', '2022-09-29 23:08:24', NULL, 0),
(192, 'briannasims767@gmail.com', 'briannasims767@gmail.com', NULL, '166424063912.jpg', '$2y$10$TVbQ/pAFseHq.tVSvyl3qOuXt1ViS2oWZ0QbnYk1uSknBrDswYtHu', 1, 0, 0, 0, 0, NULL, '2022-09-27 05:03:59', '2022-09-27 05:03:59', NULL, 0),
(193, 'emm08091', 'emm08091@gmail.com', NULL, '166424066130.jpeg', '$2y$10$Sk/5bkAVP9.OpNbZOYh3QeD0grc1LYV2BQ8Ok4N.sJeXAnkmALxte', 1, 0, 0, 0, 0, NULL, '2022-09-27 05:04:21', '2022-09-27 05:04:21', NULL, 0),
(194, 'joymayfield', 'joymayfield92@gmail.com', NULL, '16642407403.jpg', '$2y$10$pgXr2T4uuZNiYKWBbEvQ5.LGMpiWUZE62vVwjvqzTTlDLC1o3W5P6', 1, 0, 0, 0, 0, NULL, '2022-09-27 05:05:40', '2022-09-27 05:05:40', NULL, 0),
(195, 'arismazmanian', 'arismazmanian@gmail.com', NULL, '166424107422.jpg', '$2y$10$eUf7UDuUCkZnGU1MT6N8QOTpcHVFKCQVbw0kK1On2oicv31oNfgpW', 1, 1, 0, 0, 0, NULL, '2022-09-27 05:11:14', '2022-09-27 05:15:16', NULL, 0),
(196, 'Ch3ych3y850', 'cheyennechambless@gmail.com', NULL, '166424143321.jpg', '$2y$10$E0z0X9sfZkU9ZIwvzKqVRuO3.V31Ghm0nY7JGgW8SKc99HTFA0aJe', 1, 0, 0, 0, 0, NULL, '2022-09-27 05:17:14', '2022-09-27 05:17:14', NULL, 0),
(197, 'kaymaree', 'kaymxree@gmail.com', NULL, '166424150523.jpeg', '$2y$10$02zcaKnT8QUHcpA/7YO.7.nQmNGWvSy3aVY6qiX/0yiwXwr4zr.jS', 1, 0, 0, 0, 0, NULL, '2022-09-27 05:18:26', '2022-09-27 05:18:26', NULL, 0),
(198, 'GatiaCalhoun', 'tiaterrice@gmail.com', NULL, '16642419875.jpeg', '$2y$10$ioXvFi3yA6SGsGG2md6iYeTpVcC8J3r9g37422T2JalCfizlpDqua', 1, 0, 0, 0, 0, NULL, '2022-09-27 05:26:27', '2022-09-27 05:26:27', NULL, 0),
(199, 'Realmuthafaya', 'jleesteve1442@gmail.com', NULL, '166424207917.jpg', '$2y$10$L43fF9BBZkGcaqaiaBum0.OfflEkbAxIA367R9zpmEj39QdY1cq0O', 1, 0, 0, 0, 0, NULL, '2022-09-27 05:27:59', '2022-09-27 05:27:59', NULL, 0),
(200, 'marcusmac13', 'marcusmac13@gmail.com', NULL, '16642424499.jpeg', '$2y$10$wpBWHhGwvOLCqcQMH3WxLeivkuJ2aBPE5/bLrYWBLOvD4SikZGrka', 1, 1, 0, 0, 0, NULL, '2022-09-27 05:34:10', '2022-09-27 05:35:01', NULL, 0),
(201, 'sallierachell@yahoo.com', 'sallierachell@yahoo.com', NULL, '166424280528.png', '$2y$10$BrvogqcpR2s8pnCNSdzuEuqpDG3RKO1/m6cgeCYCIWgCn/RsuX9w.', 1, 1, 0, 0, 0, NULL, '2022-09-27 05:40:05', '2022-09-27 05:40:57', NULL, 0),
(202, 'RLT1986', 'Mrs.Osby27@gmail.com', NULL, '16642431096.jpg', '$2y$10$aQpiwj/sQWpb4vuiwra/vOG1IIStk25VWmMNUIAoDxx3VkkzqMI1i', 1, 0, 0, 0, 0, NULL, '2022-09-27 05:45:09', '2022-09-27 05:45:09', NULL, 0),
(203, 'Katy', 'Katy04coleman@gmail.com', NULL, '16642432945.jpg', '$2y$10$ibm95CitOX5/O.FACcZTz.YhDgrbhQFuggOA90sRSaQzTzpu7ebYe', 1, 0, 0, 0, 0, NULL, '2022-09-27 05:48:14', '2022-09-27 05:48:14', NULL, 0),
(204, 'oliviagrace112016@icloud.com', 'oliviagrace112016@icloud.com', NULL, '16642435501.png', '$2y$10$1vdKqOKfHhmWB7GJBsJ0QOspur6p2I0Qh95uImTAnFlgWvU5l8x6O', 1, 1, 0, 0, 0, NULL, '2022-09-27 05:52:30', '2022-09-28 03:55:29', NULL, 0),
(205, 'josephm1879@gmail.com', 'josephm1879@gmail.com', NULL, '16642436109.jpeg', '$2y$10$sPmR0cF98FQAef7UNtOMYOA5znFSfbwF0Ota4qIyyZaAm3pT83SxK', 1, 0, 0, 0, 0, NULL, '2022-09-27 05:53:30', '2022-09-27 05:53:30', NULL, 0),
(206, 'estherd2289', 'estherdeus9@gmail.com', NULL, '166424453828.jpg', '$2y$10$Fz7Uje0BN/GCoXlxkCzt3eQL4mL.gw9Rcv7IPVhXTmFaxc55jzlrO', 1, 1, 0, 0, 0, NULL, '2022-09-27 06:08:58', '2022-09-27 06:11:45', NULL, 0),
(207, 'Reginapa', 'regina.paraison@yahoo.com', NULL, '166424485926.jpeg', '$2y$10$1gH6xHpfOP393l9Wa7pKyeNHzLrX3y2sDb8xEoeLKKh5ocRuaKvS.', 1, 1, 0, 0, 0, NULL, '2022-09-27 06:14:19', '2022-09-27 08:36:23', NULL, 0),
(208, 'Sysy3800', 'sydessahmoore@gmail.com', NULL, '16642463323.jpeg', '$2y$10$dtdyx.VO.kJlwjUg15wH0OoF9gW/gAO3IDOGkhVTQvpBvqA1fED1O', 1, 1, 0, 0, 0, NULL, '2022-09-27 06:38:53', '2022-09-27 06:42:38', NULL, 0),
(209, 'Nakenten', 'akenten21@gmail.com', NULL, '166424735218.jpeg', '$2y$10$NQ933dVy9ZKeKVryPFyoBuWkD4aLMUec0WocFSA1K.Vky2irvhfmO', 1, 0, 0, 0, 0, NULL, '2022-09-27 06:55:52', '2022-09-27 06:55:52', NULL, 0),
(210, 'Sajed', 'sajedali.biswas@gmail.com', NULL, '166424961013.jpeg', '$2y$10$tuR5xSUUm.aC2Y39vkqYS.3ZlyWWw4A5Okf8azPPF1tmKkis3CqGa', 1, 0, 0, 0, 0, NULL, '2022-09-27 07:33:30', '2022-09-27 07:33:30', NULL, 0),
(211, 'shyniece01', 'shyniece1971@gmail.com', NULL, '16642538017.PNG', '$2y$10$pic9xg8UF19QExzrxuaZouiB7Kibnk5EGVozyLrLZJ1pa6.Mace2O', 1, 0, 0, 0, 0, NULL, '2022-09-27 08:43:21', '2022-09-27 08:43:21', NULL, 0),
(212, 'francesco.pisanuk@outlook.com', 'francesco.pisanuk@outlook.com', NULL, '166426715530.jpg', '$2y$10$ZQewxRSevLf4FK/mVu/AtuH3yZwNPrpvUVTazy9.hQp/ecMDgN5le', 1, 1, 0, 0, 0, NULL, '2022-09-27 12:25:55', '2022-09-27 12:29:58', NULL, 0),
(213, 'johnmark omondi', 'johnmetho95@gmail.com', NULL, '16642673152.jpg', '$2y$10$KmZjseK6nRFpX6SRa8PoXuQJ6yO6emxZH/tdQfYeWWHXVyq1hxIty', 1, 1, 0, 0, 0, NULL, '2022-09-27 12:28:35', '2022-09-27 20:50:46', NULL, 0),
(214, 'andreachiavacci', 'aventuraenfronterabmz07@gmail.com', NULL, '166427452222.jpg', '$2y$10$s9gGw3zbd7IYIb6c.72wfeqUt5NQcPIdGWNEiruBCqo0UZoqEZz52', 1, 0, 0, 0, 0, NULL, '2022-09-27 14:28:43', '2022-09-27 14:28:43', NULL, 0),
(215, 'eazy_sing', 'isaiah4christ0001@gmail.com', NULL, '166427774725.jpg', '$2y$10$VL7MhQfoXoxvYl9cSmi7muqcHj4lzECVYvUVgPsWjoplvNy1v9A4e', 1, 0, 0, 0, 0, NULL, '2022-09-27 15:22:27', '2022-09-27 15:22:27', NULL, 0),
(216, 'dexfor33', 'dexfor33@gmail.com', NULL, '166427851514.jpeg', '$2y$10$.uIhkfUVRiWzSmN...9xweOpoy1.4HmmM0tWeVg9tUTUkq5YpbBcW', 1, 1, 0, 0, 0, NULL, '2022-09-27 15:35:15', '2022-09-27 15:40:55', NULL, 0),
(217, 'angelmccollum45@gmail.com', 'angelmccollum45@gmail.com', NULL, '166428604820.jpeg', '$2y$10$PXGvuHJJJCpM6gVmNYdZU.WP2TykLWY66Tcv3UqGZv7PqY.V0Sf8a', 1, 0, 0, 1, 0, NULL, '2022-09-27 17:40:48', '2022-09-27 17:45:30', NULL, 0),
(218, 'Myangelsoft92@gmail.com', 'myangelsoft92@gmail.com', NULL, '166428612420.jpeg', '$2y$10$EUjGD/oXii1aL0GF6dImjuFG8/aLv/DirwmKe8/WcZOWk9OZgMxmi', 1, 0, 0, 0, 0, NULL, '2022-09-27 17:42:04', '2022-09-27 17:42:04', NULL, 0),
(219, 'connorjamesmurphy98', 'connorjamesmurphy98@gmail.com', NULL, '166428780317.jpg', '$2y$10$uKwg9.nNQfJVfDcTlYM9neInMf.SEu5.4pCfFCHGOlUe.d6J5vdUe', 1, 0, 0, 0, 0, NULL, '2022-09-27 18:10:03', '2022-09-27 18:10:03', NULL, 0),
(220, 'Melhmarzan', 'melhmarz@gmail.com', NULL, '166428849428.jpeg', '$2y$10$cUk6kc3uzUaBzDjhXknfiuOea9XpS2SkAPyWPE4gk5fwxvpZCgbPK', 1, 0, 0, 0, 0, NULL, '2022-09-27 18:21:35', '2022-09-27 18:21:35', NULL, 0),
(221, 'dbonsrah', 'ddicksonbonsrah@gmail.com', NULL, '166429253826.jpg', '$2y$10$cN5r4EI9AGGwyMDjub8kA.R9txwEOqVYirU1SiXqQoTu.nQMTSk7q', 1, 0, 0, 0, 0, NULL, '2022-09-27 19:28:58', '2022-09-27 19:28:58', NULL, 0),
(222, 'whitfieldwork22@gmail.com', 'whitfieldwork22@gmail.com', NULL, '16642938704.jpg', '$2y$10$nocatrChH0W1ye7QaOcTzO7cPX..t.D7ATwOXrBPqzs1ejRTNUh4W', 1, 0, 0, 0, 0, NULL, '2022-09-27 19:51:11', '2022-09-27 19:51:11', NULL, 0),
(223, 'M2Nation', 'marcus@m2nation.com', NULL, '16642975387.jpg', '$2y$10$JlXjjQpC4oMDznHpyyjHWueVixy.YS3VZzlguYZg4Lo9.2csZEa76', 1, 1, 0, 0, 0, NULL, '2022-09-27 20:52:19', '2022-09-27 20:56:43', NULL, 0),
(224, 'dannyq422', 'daniloquiroz18@gmail.com', NULL, '16643038726.JPG', '$2y$10$VsUU2C447od0g6xKL2BAC.dBS1D8IMcq3CgengzeZ0crOHx0KQSYW', 1, 0, 0, 0, 0, NULL, '2022-09-27 22:37:52', '2022-09-27 22:37:52', NULL, 0),
(225, 'Sophia galeano', 'sophiagaleanocerdas@gmail.com', NULL, '16643107705.jpeg', '$2y$10$9Ay0w7xmfspaUIQ4/2Nwveitz1PCc7H2maG6Tw/XYrOwwgmSq2PKS', 1, 0, 0, 0, 0, NULL, '2022-09-28 00:32:51', '2022-09-28 00:32:51', NULL, 0),
(226, 'combinedsun', 'Frascoenterprises@gmail.com', NULL, '166431796325.jpg', '$2y$10$FrIzRtZDDLK2faiudPdrounbpVhuSA4xXrBJRv3UQgVA9r/2MC/6K', 0, 1, 0, 1, 0, NULL, '2022-09-28 02:32:43', '2022-09-30 03:28:53', NULL, 0),
(227, 'Againous', 'againous44@gmail.com', NULL, '166432569428.jpeg', '$2y$10$EK0SHn3iJnkTfZUunk7zhujD3htpbTshNu4j8xL4IGcbxNuoYkA22', 1, 0, 0, 0, 0, NULL, '2022-09-28 04:41:34', '2022-09-28 04:41:34', NULL, 0),
(228, 'leah12', 'kaleahross123@gmail.com', NULL, '166433184322.jpeg', '$2y$10$tqqeqfQXRR28TtBOg/.utu2OmooF1GICSGM8U0qRfQ1xT4lC/s.te', 1, 1, 0, 0, 0, NULL, '2022-09-28 06:24:03', '2022-09-28 06:46:49', NULL, 0),
(229, 'Jerry1442', 'inspiredcomm73@yahoo.co', NULL, '166436154714.jpg', '$2y$10$mcFqsIs83HvjHfu.ZCWd1epPgnpPPOae.XG9LzbcQWYX7av2ymCie', 1, 0, 0, 0, 0, NULL, '2022-09-28 14:39:08', '2022-09-28 14:39:08', NULL, 0),
(230, 'Msaid19', 'mister.said@gmail.com', NULL, '166436459829.jpg', '$2y$10$4lb5PKJA0tLA3KBPvo9mhOBKLJEql1N0XBL.L2feBh1pTAIUrwgwO', 1, 1, 0, 0, 0, NULL, '2022-09-28 15:29:58', '2022-09-28 15:30:37', NULL, 0),
(231, 'Ama', 'amaflores_7@yahoo.com', NULL, '16643688714.jpeg', '$2y$10$v.T48FpGSoYSA8pFgMLGFeVXEFDlY2WBaTnp7QZrYcHAIs4aShMNq', 1, 1, 0, 0, 0, NULL, '2022-09-28 16:41:11', '2022-09-28 16:41:48', NULL, 0),
(232, 'rachaelwolfhope', 'rachaelwolfhope14@gmail.com', NULL, '166438828716.png', '$2y$10$5Aa8I61ipCXsS9TIrONlp.PUXDiMogNsb/JURnAWkunnT8Gq5SEq.', 1, 1, 0, 0, 0, NULL, '2022-09-28 22:04:47', '2022-09-28 22:05:31', NULL, 0),
(233, 'Pfia23', 'paesepapalii52@gmail.com', NULL, '166446113814.jpeg', '$2y$10$G/x1.Zfe1uFQMXboqVzG.ush2S0NphsrrTxF33l9aVKsffObI1s2K', 1, 0, 0, 0, 0, NULL, '2022-09-29 18:18:58', '2022-09-29 18:18:58', NULL, 0);

-- --------------------------------------------------------

--
-- Table structure for table `visitors`
--

CREATE TABLE `visitors` (
  `id` bigint(20) UNSIGNED NOT NULL,
  `click` int(11) NOT NULL,
  `viewer` int(11) NOT NULL,
  `created_at` timestamp NULL DEFAULT NULL,
  `updated_at` timestamp NULL DEFAULT NULL
) ENGINE=InnoDB DEFAULT CHARSET=utf8mb4 COLLATE=utf8mb4_unicode_ci;

--
-- Dumping data for table `visitors`
--

INSERT INTO `visitors` (`id`, `click`, `viewer`, `created_at`, `updated_at`) VALUES
(1, 4, 10, NULL, NULL),
(2, 25, 45, NULL, NULL),
(3, 34, 56, NULL, NULL),
(4, 23, 54, NULL, NULL),
(5, 32, 51, NULL, NULL),
(6, 12, 21, NULL, NULL);

--
-- Indexes for dumped tables
--

--
-- Indexes for table `account_deleted_verification`
--
ALTER TABLE `account_deleted_verification`
  ADD PRIMARY KEY (`id`),
  ADD KEY `acc_del_verification` (`user_id`);

--
-- Indexes for table `activities`
--
ALTER TABLE `activities`
  ADD PRIMARY KEY (`id`);

--
-- Indexes for table `countries`
--
ALTER TABLE `countries`
  ADD PRIMARY KEY (`id`);

--
-- Indexes for table `faq`
--
ALTER TABLE `faq`
  ADD PRIMARY KEY (`id`);

--
-- Indexes for table `favored_sceneries`
--
ALTER TABLE `favored_sceneries`
  ADD PRIMARY KEY (`id`);

--
-- Indexes for table `images`
--
ALTER TABLE `images`
  ADD PRIMARY KEY (`id`);

--
-- Indexes for table `jobs`
--
ALTER TABLE `jobs`
  ADD PRIMARY KEY (`id`);

--
-- Indexes for table `jobs_applied`
--
ALTER TABLE `jobs_applied`
  ADD PRIMARY KEY (`id`),
  ADD KEY `users` (`user_id`);

--
-- Indexes for table `journies`
--
ALTER TABLE `journies`
  ADD PRIMARY KEY (`id`),
  ADD KEY `pakacge_id` (`package_id`),
  ADD KEY `user_id` (`user_id`),
  ADD KEY `guide_id` (`guide_id`);

--
-- Indexes for table `membership_plans`
--
ALTER TABLE `membership_plans`
  ADD PRIMARY KEY (`id`);

--
-- Indexes for table `member_ships`
--
ALTER TABLE `member_ships`
  ADD PRIMARY KEY (`id`),
  ADD KEY `usr_id` (`user_id`),
  ADD KEY `memship_id` (`membership_id`);

--
-- Indexes for table `packages`
--
ALTER TABLE `packages`
  ADD PRIMARY KEY (`id`),
  ADD KEY `users_id` (`user_id`),
  ADD KEY `countrys_id` (`country_id`),
  ADD KEY `activity` (`activity`);

--
-- Indexes for table `package_requests`
--
ALTER TABLE `package_requests`
  ADD PRIMARY KEY (`id`),
  ADD KEY `user` (`user_id`);

--
-- Indexes for table `personal_access_tokens`
--
ALTER TABLE `personal_access_tokens`
  ADD PRIMARY KEY (`id`);

--
-- Indexes for table `profiles`
--
ALTER TABLE `profiles`
  ADD PRIMARY KEY (`id`),
  ADD KEY `country_id` (`country_id`),
  ADD KEY `p_user_id` (`user_id`);

--
-- Indexes for table `reviews`
--
ALTER TABLE `reviews`
  ADD PRIMARY KEY (`id`);

--
-- Indexes for table `users`
--
ALTER TABLE `users`
  ADD PRIMARY KEY (`id`);

--
-- Indexes for table `visitors`
--
ALTER TABLE `visitors`
  ADD PRIMARY KEY (`id`);

--
-- AUTO_INCREMENT for dumped tables
--

--
-- AUTO_INCREMENT for table `account_deleted_verification`
--
ALTER TABLE `account_deleted_verification`
  MODIFY `id` int(11) NOT NULL AUTO_INCREMENT, AUTO_INCREMENT=16;

--
-- AUTO_INCREMENT for table `activities`
--
ALTER TABLE `activities`
  MODIFY `id` int(11) NOT NULL AUTO_INCREMENT, AUTO_INCREMENT=59;

--
-- AUTO_INCREMENT for table `countries`
--
ALTER TABLE `countries`
  MODIFY `id` int(11) NOT NULL AUTO_INCREMENT, AUTO_INCREMENT=249;

--
-- AUTO_INCREMENT for table `faq`
--
ALTER TABLE `faq`
  MODIFY `id` int(11) NOT NULL AUTO_INCREMENT;

--
-- AUTO_INCREMENT for table `favored_sceneries`
--
ALTER TABLE `favored_sceneries`
  MODIFY `id` int(11) NOT NULL AUTO_INCREMENT, AUTO_INCREMENT=13;

--
-- AUTO_INCREMENT for table `images`
--
ALTER TABLE `images`
  MODIFY `id` int(11) NOT NULL AUTO_INCREMENT, AUTO_INCREMENT=220;

--
-- AUTO_INCREMENT for table `jobs`
--
ALTER TABLE `jobs`
  MODIFY `id` int(11) NOT NULL AUTO_INCREMENT, AUTO_INCREMENT=2;

--
-- AUTO_INCREMENT for table `jobs_applied`
--
ALTER TABLE `jobs_applied`
  MODIFY `id` int(11) NOT NULL AUTO_INCREMENT, AUTO_INCREMENT=11;

--
-- AUTO_INCREMENT for table `journies`
--
ALTER TABLE `journies`
  MODIFY `id` int(11) NOT NULL AUTO_INCREMENT, AUTO_INCREMENT=89;

--
-- AUTO_INCREMENT for table `membership_plans`
--
ALTER TABLE `membership_plans`
  MODIFY `id` int(11) NOT NULL AUTO_INCREMENT, AUTO_INCREMENT=8;

--
-- AUTO_INCREMENT for table `member_ships`
--
ALTER TABLE `member_ships`
  MODIFY `id` int(11) NOT NULL AUTO_INCREMENT, AUTO_INCREMENT=73;

--
-- AUTO_INCREMENT for table `packages`
--
ALTER TABLE `packages`
  MODIFY `id` int(11) NOT NULL AUTO_INCREMENT, AUTO_INCREMENT=68;

--
-- AUTO_INCREMENT for table `package_requests`
--
ALTER TABLE `package_requests`
  MODIFY `id` int(11) NOT NULL AUTO_INCREMENT, AUTO_INCREMENT=13;

--
-- AUTO_INCREMENT for table `personal_access_tokens`
--
ALTER TABLE `personal_access_tokens`
  MODIFY `id` int(11) NOT NULL AUTO_INCREMENT, AUTO_INCREMENT=390;

--
-- AUTO_INCREMENT for table `profiles`
--
ALTER TABLE `profiles`
  MODIFY `id` int(11) NOT NULL AUTO_INCREMENT, AUTO_INCREMENT=219;

--
-- AUTO_INCREMENT for table `reviews`
--
ALTER TABLE `reviews`
  MODIFY `id` int(11) NOT NULL AUTO_INCREMENT, AUTO_INCREMENT=9;

--
-- AUTO_INCREMENT for table `users`
--
ALTER TABLE `users`
  MODIFY `id` int(11) NOT NULL AUTO_INCREMENT, AUTO_INCREMENT=234;

--
-- AUTO_INCREMENT for table `visitors`
--
ALTER TABLE `visitors`
  MODIFY `id` bigint(20) UNSIGNED NOT NULL AUTO_INCREMENT, AUTO_INCREMENT=7;

--
-- Constraints for dumped tables
--

--
-- Constraints for table `account_deleted_verification`
--
ALTER TABLE `account_deleted_verification`
  ADD CONSTRAINT `acc_del_verification` FOREIGN KEY (`user_id`) REFERENCES `users` (`id`) ON DELETE CASCADE ON UPDATE NO ACTION;

--
-- Constraints for table `jobs_applied`
--
ALTER TABLE `jobs_applied`
  ADD CONSTRAINT `users` FOREIGN KEY (`user_id`) REFERENCES `users` (`id`) ON DELETE CASCADE ON UPDATE NO ACTION;

--
-- Constraints for table `journies`
--
ALTER TABLE `journies`
  ADD CONSTRAINT `guide_id` FOREIGN KEY (`guide_id`) REFERENCES `profiles` (`user_id`) ON DELETE CASCADE ON UPDATE NO ACTION,
  ADD CONSTRAINT `pakacge_id` FOREIGN KEY (`package_id`) REFERENCES `packages` (`id`) ON DELETE CASCADE ON UPDATE NO ACTION,
  ADD CONSTRAINT `user_id` FOREIGN KEY (`user_id`) REFERENCES `users` (`id`) ON DELETE CASCADE ON UPDATE NO ACTION;

--
-- Constraints for table `member_ships`
--
ALTER TABLE `member_ships`
  ADD CONSTRAINT `memship_id` FOREIGN KEY (`membership_id`) REFERENCES `membership_plans` (`id`) ON DELETE NO ACTION ON UPDATE NO ACTION,
  ADD CONSTRAINT `usr_id` FOREIGN KEY (`user_id`) REFERENCES `users` (`id`) ON DELETE CASCADE ON UPDATE NO ACTION;

--
-- Constraints for table `packages`
--
ALTER TABLE `packages`
  ADD CONSTRAINT `activity` FOREIGN KEY (`activity`) REFERENCES `favored_sceneries` (`id`) ON DELETE NO ACTION ON UPDATE NO ACTION,
  ADD CONSTRAINT `countrys_id` FOREIGN KEY (`country_id`) REFERENCES `countries` (`id`) ON DELETE NO ACTION ON UPDATE NO ACTION,
  ADD CONSTRAINT `users_id` FOREIGN KEY (`user_id`) REFERENCES `users` (`id`) ON DELETE CASCADE ON UPDATE NO ACTION;

--
-- Constraints for table `package_requests`
--
ALTER TABLE `package_requests`
  ADD CONSTRAINT `user` FOREIGN KEY (`user_id`) REFERENCES `users` (`id`) ON DELETE CASCADE ON UPDATE NO ACTION;

--
-- Constraints for table `profiles`
--
ALTER TABLE `profiles`
  ADD CONSTRAINT `country_id` FOREIGN KEY (`country_id`) REFERENCES `countries` (`id`) ON DELETE NO ACTION ON UPDATE NO ACTION,
  ADD CONSTRAINT `p_user_id` FOREIGN KEY (`user_id`) REFERENCES `users` (`id`) ON DELETE CASCADE ON UPDATE NO ACTION;
COMMIT;

/*!40101 SET CHARACTER_SET_CLIENT=@OLD_CHARACTER_SET_CLIENT */;
/*!40101 SET CHARACTER_SET_RESULTS=@OLD_CHARACTER_SET_RESULTS */;
/*!40101 SET COLLATION_CONNECTION=@OLD_COLLATION_CONNECTION */;
